"NYSE_MMM","http://en.wikipedia.org/wiki/3M","3M",1,34197
"NYSE_ABT","http://en.wikipedia.org/wiki/Abbott_Laboratories","Abbott Laboratories",3,82072
"NYSE_ABBV","http://en.wikipedia.org/wiki/AbbVie","AbbVie",15,134181
"NYSE_ACN","http://en.wikipedia.org/wiki/Accenture_plc","Accenture",23,532380
"NYSE_ACE","http://en.wikipedia.org/wiki/ACE_Limited","ACE Limited",0,0
"NASDAQ_ATVI","http://en.wikipedia.org/wiki/Activision_Blizzard","Activision Blizzard",20,514936
"NASDAQ_ADBE","http://en.wikipedia.org/wiki/Adobe_Systems_Inc","Adobe Systems",6,244680
"NYSE_ADT","http://en.wikipedia.org/wiki/ADT_Corp","The ADT Corporation",1,10481
"NYSE_AAP","http://en.wikipedia.org/wiki/Advance_Auto_Parts","Advance Auto Parts",5,73209
"NYSE_AES","http://en.wikipedia.org/wiki/AES_Corp","AES Corporation",2,9400
"NYSE_AET","http://en.wikipedia.org/wiki/Aetna_Inc","Aetna",1,51960
"NYSE_AFL","http://en.wikipedia.org/wiki/AFLAC_Inc","Aflac",3,60753
"NYSE_AMG","http://en.wikipedia.org/wiki/Affiliated_Managers_Group_Inc","Affiliated Managers Group",0,0
"NYSE_A","http://en.wikipedia.org/wiki/Agilent_Technologies_Inc","Agilent Technologies",1,20943
"NYSE_GAS","http://en.wikipedia.org/wiki/AGL_Resources_Inc.","AGL Resources",0,0
"NYSE_APD","http://en.wikipedia.org/wiki/Air_Products_&_Chemicals_Inc","Air Products & Chemicals",0,0
"NYSE_ARG","http://en.wikipedia.org/wiki/Airgas_Inc","Airgas",0,0
"NASDAQ_AKAM","http://en.wikipedia.org/wiki/Akamai_Technologies_Inc","Akamai Technologies",13,515504
"NYSE_AA","http://en.wikipedia.org/wiki/Alcoa_Inc","Alcoa",4,404270
"NYSE_AGN","http://en.wikipedia.org/wiki/Allergan","Allergan, Plc",8,102690
"NASDAQ_ALXN","http://en.wikipedia.org/wiki/Alexion_Pharmaceuticals","Alexion Pharmaceuticals",8,157546
"NYSE_ALLE","http://en.wikipedia.org/wiki/Allegion","Allegion",0,0
"NYSE_ADS","http://en.wikipedia.org/wiki/Alliance_Data_Systems","Alliance Data",0,0
"NYSE_ALL","http://en.wikipedia.org/wiki/Allstate_Corp","Allstate",1,36060
"NASDAQ_GOOGL","http://en.wikipedia.org/wiki/Alphabet_Inc_Class_A","Alphabet Inc.",77,903392
"NASDAQ_GOOG","http://en.wikipedia.org/wiki/Alphabet_Inc_Class_C","Alphabet Inc.",77,903392
"NASDAQ_ALTR","http://en.wikipedia.org/wiki/Altera_Corp","Altera",0,0
"NYSE_MO","http://en.wikipedia.org/wiki/Altria_Group_Inc","Altria",2,37561
"NASDAQ_AMZN","http://en.wikipedia.org/wiki/Amazon.com_Inc","Amazon.com",61,9476769
"NYSE_AEE","http://en.wikipedia.org/wiki/Ameren_Corp","Ameren",14,149430
"NASDAQ_AAL","http://en.wikipedia.org/wiki/American_Airlines_Group","American Airlines Group",15,258384
"NYSE_AEP","http://en.wikipedia.org/wiki/American_Electric_Power","American Electric Power",3,93197
"NYSE_AXP","http://en.wikipedia.org/wiki/American_Express_Co","American Express",11,850866
"NYSE_AIG","http://en.wikipedia.org/wiki/American_International_Group","American International Group",4,197305
"NYSE_AMT","http://en.wikipedia.org/wiki/American_Tower_Corp_A","American Tower Corporation",0,0
"NYSE_AMP","http://en.wikipedia.org/wiki/Ameriprise_Financial","Ameriprise Financial",5,156887
"NYSE_ABC","http://en.wikipedia.org/wiki/AmerisourceBergen_Corp","AmerisourceBergen",1,7899
"NYSE_AME","http://en.wikipedia.org/wiki/Ametek","Ametek",1,16967
"NASDAQ_AMGN","http://en.wikipedia.org/wiki/Amgen_Inc","Amgen",2,51747
"NYSE_APH","http://en.wikipedia.org/wiki/Amphenol_Corp_A","Amphenol",0,0
"NYSE_APC","http://en.wikipedia.org/wiki/Anadarko_Petroleum","Anadarko Petroleum",0,0
"NASDAQ_ADI","http://en.wikipedia.org/wiki/Analog_Devices","Analog Devices",1,36814
"NYSE_AON","http://en.wikipedia.org/wiki/Aon_plc","Aon (company)",0,0
"NYSE_APA","http://en.wikipedia.org/wiki/Apache_Corporation","Apache Corporation",0,0
"NYSE_AIV","http://en.wikipedia.org/wiki/Apartment_Investment_&_Mgmt","Aimco",0,0
"NASDAQ_AAPL","http://en.wikipedia.org/wiki/Apple_Inc.","Apple Inc.",16,2945820
"NASDAQ_AMAT","http://en.wikipedia.org/wiki/Applied_Materials_Inc","Applied Materials",2,25795
"NYSE_ADM","http://en.wikipedia.org/wiki/Archer-Daniels-Midland_Co","Archer Daniels Midland",0,0
"NYSE_AIZ","http://en.wikipedia.org/wiki/Assurant_Inc","Assurant",3,37436
"NYSE_T","http://en.wikipedia.org/wiki/AT&T_Inc","AT&T",16,797589
"NASDAQ_ADSK","http://en.wikipedia.org/wiki/Autodesk_Inc","Autodesk",1,46722
"NASDAQ_ADP","http://en.wikipedia.org/wiki/Automatic_Data_Processing","Automatic Data Processing",1,11015
"NYSE_AN","http://en.wikipedia.org/wiki/AutoNation_Inc","AutoNation",0,0
"NYSE_AZO","http://en.wikipedia.org/wiki/AutoZone_Inc","AutoZone",8,145954
"NASDAQ_AVGO","http://en.wikipedia.org/wiki/Avago_Technologies","Avago",2,24916
"NYSE_AVB","http://en.wikipedia.org/wiki/AvalonBay_Communities","AvalonBay Communities",1,3873
"NYSE_AVY","http://en.wikipedia.org/wiki/Avery_Dennison_Corp","Avery Dennison",0,0
"NYSE_BHI","http://en.wikipedia.org/wiki/Baker_Hughes_Inc","Baker Hughes",1,30542
"NYSE_BLL","http://en.wikipedia.org/wiki/Ball_Corp","Ball Corporation",1,13497
"NYSE_BAC","http://en.wikipedia.org/wiki/Bank_of_America_Corp","Bank of America",9,981838
"NYSE_BK","http://en.wikipedia.org/wiki/The_Bank_of_New_York_Mellon_Corp.","The Bank of New York Mellon",5,257973
"NYSE_BCR","http://en.wikipedia.org/wiki/Bard_(C.R.)_Inc.","C. R. Bard",0,0
"NYSE_BXLT","http://en.wikipedia.org/wiki/Baxalta","Baxalta",2,16791
"NYSE_BAX","http://en.wikipedia.org/wiki/Baxter_International_Inc.","Baxter International",22,668276
"NYSE_BBT","http://en.wikipedia.org/wiki/BB&T_Corporation","BB&T",1,16195
"NYSE_BDX","http://en.wikipedia.org/wiki/Becton_Dickinson","Becton Dickinson",0,0
"NASDAQ_BBBY","http://en.wikipedia.org/wiki/Bed_Bath_&_Beyond","Bed Bath & Beyond",1,7921
"NYSE_BRK-B","http://en.wikipedia.org/wiki/Berkshire_Hathaway","Berkshire Hathaway",12,573892
"NYSE_BBY","http://en.wikipedia.org/wiki/Best_Buy_Co._Inc.","Best Buy",13,605159
"NASDAQ_BIIB","http://en.wikipedia.org/wiki/BIOGEN_IDEC_Inc.","Biogen",7,135106
"NYSE_BLK","http://en.wikipedia.org/wiki/BlackRock","BlackRock",11,158911
"NYSE_HRB","http://en.wikipedia.org/wiki/Block_H&R","H&R Block",0,0
"NYSE_BA","http://en.wikipedia.org/wiki/Boeing_Company","Boeing",14,1161690
"NYSE_BWA","http://en.wikipedia.org/wiki/BorgWarner","BorgWarner",5,112582
"NYSE_BXP","http://en.wikipedia.org/wiki/Boston_Properties","Boston Properties",4,15093
"NYSE_BSX","http://en.wikipedia.org/wiki/Boston_Scientific","Boston Scientific",1,8124
"NYSE_BMY","http://en.wikipedia.org/wiki/Bristol-Myers_Squibb","Bristol-Myers Squibb",2,54064
"NASDAQ_BRCM","http://en.wikipedia.org/wiki/Broadcom_Corporation","Broadcom",4,112331
"NYSE_BF-B","http://en.wikipedia.org/wiki/Brown-Forman_Corporation","Brown-Forman",0,0
"NASDAQ_CHRW","http://en.wikipedia.org/wiki/C._H._Robinson_Worldwide","C. H. Robinson",2,45380
"NASDAQ_CA","http://en.wikipedia.org/wiki/CA","CA",11,53766
"NYSE_CVC","http://en.wikipedia.org/wiki/Cablevision","Cablevision",0,0
"NYSE_COG","http://en.wikipedia.org/wiki/Cabot_Oil_&_Gas","Cabot Oil & Gas",0,0
"NYSE_CAM","http://en.wikipedia.org/wiki/Cameron_International_Corp.","Cameron International",0,0
"NYSE_CPB","http://en.wikipedia.org/wiki/Campbell_Soup","Campbell Soup Company",5,118493
"NYSE_COF","http://en.wikipedia.org/wiki/Capital_One_Financial","Capital One",4,155762
"NYSE_CAH","http://en.wikipedia.org/wiki/Cardinal_Health_Inc.","Cardinal Health",3,54465
"NASDAQ_HSIC","http://en.wikipedia.org/wiki/Henry_Schein","Henry Schein",0,0
"NYSE_KMX","http://en.wikipedia.org/wiki/Carmax_Inc","CarMax",6,39282
"NYSE_CCL","http://en.wikipedia.org/wiki/Carnival_Corp.","Carnival Corporation & plc",10,269740
"NYSE_CAT","http://en.wikipedia.org/wiki/Caterpillar_Inc.","Caterpillar Inc.",4,333408
"NYSE_CBG","http://en.wikipedia.org/wiki/CBRE_Group","CBRE Group",0,0
"NYSE_CBS","http://en.wikipedia.org/wiki/CBS_Corp.","CBS Corporation",4,84039
"NASDAQ_CELG","http://en.wikipedia.org/wiki/Celgene_Corp.","Celgene",1,17003
"NYSE_CNP","http://en.wikipedia.org/wiki/CenterPoint_Energy","CenterPoint Energy",0,0
"NYSE_CTL","http://en.wikipedia.org/wiki/CenturyLink_Inc","CenturyLink",6,242549
"NASDAQ_CERN","http://en.wikipedia.org/wiki/Cerner","Cerner",0,0
"NYSE_CF","http://en.wikipedia.org/wiki/CF_Industries_Holdings_Inc","CF Industries",0,0
"NYSE_SCHW","http://en.wikipedia.org/wiki/Charles_Schwab_Corporation","Charles Schwab Corporation",3,42130
"NYSE_CHK","http://en.wikipedia.org/wiki/Chesapeake_Energy","Chesapeake Energy",0,0
"NYSE_CVX","http://en.wikipedia.org/wiki/Chevron_Corp.","Chevron Corporation",9,752952
"NYSE_CMG","http://en.wikipedia.org/wiki/Chipotle_Mexican_Grill","Chipotle Mexican Grill",29,2532572
"NYSE_CB","http://en.wikipedia.org/wiki/Chubb_Corp.","Chubb Corp.",0,0
"NYSE_CI","http://en.wikipedia.org/wiki/CIGNA_Corp.","Cigna",31,589664
"NYSE_XEC","http://en.wikipedia.org/wiki/Cimarex_Energy","Cimarex Energy",0,0
"NASDAQ_CINF","http://en.wikipedia.org/wiki/Cincinnati_Financial","Cincinnati Financial",1,3789
"NASDAQ_CTAS","http://en.wikipedia.org/wiki/Cintas_Corporation","Cintas",1,20195
"NASDAQ_CSCO","http://en.wikipedia.org/wiki/Cisco_Systems","Cisco Systems",24,1540012
"NYSE_C","http://en.wikipedia.org/wiki/Citigroup_Inc.","Citigroup",6,651512
"NASDAQ_CTXS","http://en.wikipedia.org/wiki/Citrix_Systems","Citrix Systems",10,430576
"NYSE_CLX","http://en.wikipedia.org/wiki/The_Clorox_Company","Clorox",2,48439
"NASDAQ_CME","http://en.wikipedia.org/wiki/CME_Group_Inc.","CME Group",0,0
"NYSE_CMS","http://en.wikipedia.org/wiki/CMS_Energy","CMS Energy",0,0
"NYSE_COH","http://en.wikipedia.org/wiki/Coach_Inc.","Coach, Inc.",3,52890
"NYSE_KO","http://en.wikipedia.org/wiki/The_Coca_Cola_Company","The Coca-Cola Company",17,621498
"NYSE_CCE","http://en.wikipedia.org/wiki/Coca-Cola_Enterprises","Coca-Cola Enterprises",0,0
"NASDAQ_CTSH","http://en.wikipedia.org/wiki/Cognizant_Technology_Solutions","Cognizant",14,472380
"NYSE_CL","http://en.wikipedia.org/wiki/Colgate-Palmolive","Colgate-Palmolive",4,97606
"NASDAQ_CMCSA","http://en.wikipedia.org/wiki/Comcast_A_Corp","Comcast",20,1586194
"NASDAQ_CMCSK","http://en.wikipedia.org/wiki/Comcast_Special_Corp_Class_A","Comcast",20,1586194
"NYSE_CMA","http://en.wikipedia.org/wiki/Comerica_Inc.","Comerica",1,10094
"NYSE_CSC","http://en.wikipedia.org/wiki/Computer_Sciences_Corp.","Computer Sciences Corporation",8,129367
"NYSE_CAG","http://en.wikipedia.org/wiki/ConAgra_Foods_Inc.","ConAgra Foods",13,379049
"NYSE_COP","http://en.wikipedia.org/wiki/ConocoPhillips","ConocoPhillips",2,32428
"NYSE_CNX","http://en.wikipedia.org/wiki/CONSOL_Energy_Inc.","Consol Energy",0,0
"NYSE_ED","http://en.wikipedia.org/wiki/Consolidated_Edison","Consolidated Edison",1,22676
"NYSE_STZ","http://en.wikipedia.org/wiki/Constellation_Brands","Constellation Brands",1,8771
"NYSE_GLW","http://en.wikipedia.org/wiki/Corning_Inc.","Corning Inc.",2,43235
"NASDAQ_COST","http://en.wikipedia.org/wiki/Costco_Co.","Costco",26,1496811
"NYSE_CCI","http://en.wikipedia.org/wiki/Crown_Castle_International_Corp.","Crown Castle International Corp.",0,0
"NYSE_CSX","http://en.wikipedia.org/wiki/CSX_Corp.","CSX Corporation",0,0
"NYSE_CMI","http://en.wikipedia.org/wiki/Cummins_Inc.","Cummins",2,28713
"NYSE_CVS","http://en.wikipedia.org/wiki/CVS_Caremark_Corp.","CVS Health",12,540531
"NYSE_DHI","http://en.wikipedia.org/wiki/D._R._Horton","D. R. Horton",0,0
"NYSE_DHR","http://en.wikipedia.org/wiki/Danaher_Corp.","Danaher Corporation",6,82685
"NYSE_DRI","http://en.wikipedia.org/wiki/Darden_Restaurants","Darden Restaurants",9,225945
"NYSE_DVA","http://en.wikipedia.org/wiki/DaVita_Inc.","DaVita",0,0
"NYSE_DE","http://en.wikipedia.org/wiki/Deere_&_Co.","John Deere",24,605276
"NYSE_DLPH","http://en.wikipedia.org/wiki/Delphi_Automotive","Delphi Automotive",0,0
"NYSE_DAL","http://en.wikipedia.org/wiki/Delta_Air_Lines","Delta Air Lines",39,4192090
"NASDAQ_XRAY","http://en.wikipedia.org/wiki/Dentsply_International","Dentsply",0,0
"NYSE_DVN","http://en.wikipedia.org/wiki/Devon_Energy_Corp.","Devon Energy",1,13387
"NYSE_DO","http://en.wikipedia.org/wiki/Diamond_Offshore_Drilling","Diamond Offshore Drilling",0,0
"NYSE_DFS","http://en.wikipedia.org/wiki/Discover_Financial","Discover Financial",2,16893
"NASDAQ_DISCA","http://en.wikipedia.org/wiki/Discovery_Communications-A","Discovery Communications",11,369437
"NASDAQ_DISCK","http://en.wikipedia.org/wiki/Discovery_Communications-C","Discovery Communications",11,369437
"NYSE_DG","http://en.wikipedia.org/wiki/Dollar_General","Dollar General",3,60678
"NASDAQ_DLTR","http://en.wikipedia.org/wiki/Dollar_Tree","Dollar Tree",0,0
"NYSE_D","http://en.wikipedia.org/wiki/Dominion_Resources","Dominion Resources",1,25992
"NYSE_DOV","http://en.wikipedia.org/wiki/Dover_Corp.","Dover Corporation",1,8036
"NYSE_DOW","http://en.wikipedia.org/wiki/Dow_Chemical","Dow Chemical Company",7,445311
"NYSE_DPS","http://en.wikipedia.org/wiki/Dr_Pepper_Snapple_Group","Dr Pepper Snapple Group",0,0
"NYSE_DTE","http://en.wikipedia.org/wiki/DTE_Energy_Co.","DTE Energy",0,0
"NYSE_DD","http://en.wikipedia.org/wiki/Du_Pont_(E.I.)","DuPont",7,275409
"NYSE_DUK","http://en.wikipedia.org/wiki/Duke_Energy","Duke Energy",1,29120
"NYSE_DNB","http://en.wikipedia.org/wiki/Dun_&_Bradstreet","Dun & Bradstreet",4,55415
"NASDAQ_ETFC","http://en.wikipedia.org/wiki/E*Trade","E-Trade",4,70647
"NYSE_EMN","http://en.wikipedia.org/wiki/Eastman_Chemical","Eastman Chemical Company",0,0
"NYSE_ETN","http://en.wikipedia.org/wiki/Eaton_Corporation","Eaton Corporation",4,78128
"NASDAQ_EBAY","http://en.wikipedia.org/wiki/eBay_Inc.","eBay",29,2259343
"NYSE_ECL","http://en.wikipedia.org/wiki/Ecolab_Inc.","Ecolab",0,0
"NYSE_EIX","http://en.wikipedia.org/wiki/Edison_Int'l","Edison International",0,0
"NYSE_EW","http://en.wikipedia.org/wiki/Edwards_Lifesciences","Edwards Lifesciences",1,6397
"NASDAQ_EA","http://en.wikipedia.org/wiki/Electronic_Arts","Electronic Arts",46,4246280
"NYSE_EMC","http://en.wikipedia.org/wiki/EMC_Corp.","EMC Corporation",58,2322952
"NYSE_EMR","http://en.wikipedia.org/wiki/Emerson_Electric_Company","Emerson Electric",0,0
"NASDAQ_ENDP","http://en.wikipedia.org/wiki/Endo_International","Endo International",0,0
"NYSE_ESV","http://en.wikipedia.org/wiki/Ensco_plc","Ensco plc",0,0
"NYSE_ETR","http://en.wikipedia.org/wiki/Entergy_Corp.","Entergy",1,11223
"NYSE_EOG","http://en.wikipedia.org/wiki/EOG_Resources","EOG Resources",0,0
"NYSE_EQT","http://en.wikipedia.org/wiki/EQT_Corporation","EQT",0,0
"NYSE_EFX","http://en.wikipedia.org/wiki/Equifax_Inc.","Equifax",1,14154
"NASDAQ_EQIX","http://en.wikipedia.org/wiki/Equinix","Equinix",1,22490
"NYSE_EQR","http://en.wikipedia.org/wiki/Equity_Residential","Equity Residential",0,0
"NYSE_ES","http://en.wikipedia.org/wiki/Eversource_Energy","Eversource Energy",0,0
"NYSE_EXC","http://en.wikipedia.org/wiki/Exelon_Corp.","Exelon",10,168055
"NASDAQ_EXPE","http://en.wikipedia.org/wiki/Expedia_Inc.","Expedia, Inc.",6,113776
"NASDAQ_EXPD","http://en.wikipedia.org/wiki/Expeditors_Int'l","Expeditors International",3,12498
"NASDAQ_ESRX","http://en.wikipedia.org/wiki/Express_Scripts","Express Scripts",5,78047
"NYSE_XOM","http://en.wikipedia.org/wiki/Exxon_Mobil_Corp.","ExxonMobil",81,7703027
"NASDAQ_FFIV","http://en.wikipedia.org/wiki/F5_Networks","F5 Networks",3,56390
"NASDAQ_FB","http://en.wikipedia.org/wiki/Facebook","Facebook",8,1471747
"NASDAQ_FAST","http://en.wikipedia.org/wiki/Fastenal_Co","Fastenal",0,0
"NYSE_FDX","http://en.wikipedia.org/wiki/FedEx_Corporation","FedEx",1,30567
"NYSE_FIS","http://en.wikipedia.org/wiki/Fidelity_National_Information_Services","FIS (company)",4,27071
"NASDAQ_FITB","http://en.wikipedia.org/wiki/Fifth_Third_Bancorp","Fifth Third Bank",1,15809
"NASDAQ_FSLR","http://en.wikipedia.org/wiki/First_Solar_Inc","First Solar",0,0
"NYSE_FE","http://en.wikipedia.org/wiki/FirstEnergy_Corp","FirstEnergy",1,22125
"NASDAQ_FISV","http://en.wikipedia.org/wiki/Fiserv_Inc","Fiserv",0,0
"NASDAQ_FLIR","http://en.wikipedia.org/wiki/FLIR_Systems","FLIR Systems",1,14176
"NYSE_FLS","http://en.wikipedia.org/wiki/Flowserve_Corporation","Flowserve",3,36705
"NYSE_FLR","http://en.wikipedia.org/wiki/Fluor_Corp.","Fluor Corporation",0,0
"NYSE_FMC","http://en.wikipedia.org/wiki/FMC_Corporation","FMC Corporation",3,43532
"NYSE_FTI","http://en.wikipedia.org/wiki/FMC_Technologies_Inc.","FMC Technologies",0,0
"NYSE_F","http://en.wikipedia.org/wiki/Ford_Motor","Ford Motor Company",14,1681305
"NASDAQ_FOSL","http://en.wikipedia.org/wiki/Fossil","Fossil",8,557099
"NYSE_BEN","http://en.wikipedia.org/wiki/Franklin_Resources","Franklin Templeton Investments",1,13120
"NYSE_FCX","http://en.wikipedia.org/wiki/Freeport-McMoran_Cp_&_Gld","Freeport-McMoRan",1,21388
"NASDAQ_FTR","http://en.wikipedia.org/wiki/Frontier_Communications","Frontier Communications",2,47045
"NYSE_GME","http://en.wikipedia.org/wiki/GameStop_Corp.","GameStop",13,338269
"NYSE_GPS","http://en.wikipedia.org/wiki/Gap_(The)","Gap Inc.",11,392074
"NASDAQ_GRMN","http://en.wikipedia.org/wiki/Garmin_Ltd.","Garmin",3,94465
"NYSE_GD","http://en.wikipedia.org/wiki/General_Dynamics","General Dynamics",3,103551
"NYSE_GE","http://en.wikipedia.org/wiki/General_Electric","General Electric",18,1214447
"NYSE_GGP","http://en.wikipedia.org/wiki/General_Growth_Properties_Inc.","General Growth Properties",1,12554
"NYSE_GIS","http://en.wikipedia.org/wiki/General_Mills","General Mills",4,140009
"NYSE_GM","http://en.wikipedia.org/wiki/General_Motors","General Motors",20,2175584
"NYSE_GPC","http://en.wikipedia.org/wiki/Genuine_Parts","Genuine Parts Company",2,13187
"NASDAQ_GILD","http://en.wikipedia.org/wiki/Gilead_Sciences","Gilead Sciences",10,401505
"NYSE_GS","http://en.wikipedia.org/wiki/Goldman_Sachs_Group","Goldman Sachs",5,877676
"NASDAQ_GT","http://en.wikipedia.org/wiki/Goodyear_Tire_&_Rubber","Goodyear Tire and Rubber Company",3,111032
"NYSE_GWW","http://en.wikipedia.org/wiki/Grainger_(W.W.)_Inc.","W. W. Grainger",1,14680
"NYSE_HAL","http://en.wikipedia.org/wiki/Halliburton_Co.","Halliburton",10,557169
"NYSE_HBI","http://en.wikipedia.org/wiki/Hanesbrands_Inc","Hanesbrands",0,0
"NYSE_HOG","http://en.wikipedia.org/wiki/Harley-Davidson","Harley-Davidson",9,956077
"NYSE_HAR","http://en.wikipedia.org/wiki/Harman_Int'l_Industries","Harman International Industries",7,60604
"NYSE_HRS","http://en.wikipedia.org/wiki/Harris_Corporation","Harris Corporation",2,63988
"NYSE_HIG","http://en.wikipedia.org/wiki/Hartford_Financial_Svc.Gp.","The Hartford",2,12896
"NASDAQ_HAS","http://en.wikipedia.org/wiki/Hasbro_Inc.","Hasbro",3,100814
"NYSE_HCA","http://en.wikipedia.org/wiki/HCA_Holdings","Hospital Corporation of America",4,54566
"NYSE_HCP","http://en.wikipedia.org/wiki/HCP_Inc.","HCP, Inc.",1,2061
"NYSE_HP","http://en.wikipedia.org/wiki/Helmerich_&_Payne","Helmerich & Payne",0,0
"NYSE_HES","http://en.wikipedia.org/wiki/Hess_Corporation","Hess Corporation",14,388506
"NYSE_HPE","http://en.wikipedia.org/wiki/Hewlett_Packard_Enterprise","Hewlett Packard Enterprise",11,25457
"NYSE_HD","http://en.wikipedia.org/wiki/Home_Depot","The Home Depot",10,507270
"NYSE_HON","http://en.wikipedia.org/wiki/Honeywell_Int'l_Inc.","Honeywell",16,799955
"NYSE_HRL","http://en.wikipedia.org/wiki/Hormel_Foods_Corp.","Hormel",1,49214
"NYSE_HST","http://en.wikipedia.org/wiki/Host_Hotels_&_Resorts","Host Hotels & Resorts",0,0
"NYSE_HPQ","http://en.wikipedia.org/wiki/HP_Inc.","HP Inc.",0,0
"NYSE_HUM","http://en.wikipedia.org/wiki/Humana_Inc.","Humana",2,37498
"NASDAQ_HBAN","http://en.wikipedia.org/wiki/Huntington_Bancshares","Huntington Bancshares",1,14625
"NYSE_ITW","http://en.wikipedia.org/wiki/Illinois_Tool_Works","Illinois Tool Works",3,52213
"NASDAQ_ILMN","http://en.wikipedia.org/wiki/Illumina_(company)","Illumina (company)",5,58085
"NYSE_IR","http://en.wikipedia.org/wiki/Ingersoll-Rand_PLC","Ingersoll Rand",0,0
"NASDAQ_INTC","http://en.wikipedia.org/wiki/Intel_Corp.","Intel",21,3209204
"NYSE_ICE","http://en.wikipedia.org/wiki/Intercontinental_Exchange","Intercontinental Exchange",10,209258
"NYSE_IBM","http://en.wikipedia.org/wiki/International_Bus._Machines","IBM",28,1987680
"NYSE_IP","http://en.wikipedia.org/wiki/International_Paper","International Paper",0,0
"NYSE_IPG","http://en.wikipedia.org/wiki/Interpublic_Group","Interpublic Group of Companies",1,8579
"NYSE_IFF","http://en.wikipedia.org/wiki/Intl_Flavors_&_Fragrances","International Flavors & Fragrances",2,14222
"NASDAQ_INTU","http://en.wikipedia.org/wiki/Intuit_Inc.","Intuit",0,0
"NASDAQ_ISRG","http://en.wikipedia.org/wiki/Intuitive_Surgical_Inc.","Intuitive Surgical",1,14940
"NYSE_IVZ","http://en.wikipedia.org/wiki/Invesco_Ltd.","Invesco",0,0
"NYSE_IRM","http://en.wikipedia.org/wiki/Iron_Mountain_Incorporated","Iron Mountain Incorporated",1,23205
"NYSE_JEC","http://en.wikipedia.org/wiki/Jacobs_Engineering_Group","Jacobs Engineering Group",0,0
"NASDAQ_JBHT","http://en.wikipedia.org/wiki/J._B._Hunt_Transport_Services","J. B. Hunt",1,4506
"NYSE_JNJ","http://en.wikipedia.org/wiki/Johnson_&_Johnson","Johnson & Johnson",17,707783
"NYSE_JCI","http://en.wikipedia.org/wiki/Johnson_Controls","Johnson Controls",4,132650
"NYSE_JPM","http://en.wikipedia.org/wiki/JPMorgan_Chase_&_Co.","JPMorgan Chase",4,351540
"NYSE_JNPR","http://en.wikipedia.org/wiki/Juniper_Networks","Juniper Networks",2,122126
"NYSE_KSU","http://en.wikipedia.org/wiki/Kansas_City_Southern","Kansas City Southern (company)",0,0
"NYSE_K","http://en.wikipedia.org/wiki/Kellogg_Co.","Kellogg's",12,509217
"NYSE_KEY","http://en.wikipedia.org/wiki/KeyCorp","KeyBank",0,0
"NASDAQ_GMCR","http://en.wikipedia.org/wiki/Keurig_Green_Mountain","Keurig Green Mountain",7,363567
"NYSE_KMB","http://en.wikipedia.org/wiki/Kimberly-Clark","Kimberly-Clark",0,0
"NYSE_KIM","http://en.wikipedia.org/wiki/Kimco_Realty","Kimco Realty",1,5184
"NYSE_KMI","http://en.wikipedia.org/wiki/Kinder_Morgan","Kinder Morgan",0,0
"NASDAQ_KLAC","http://en.wikipedia.org/wiki/KLA-Tencor_Corp.","KLA-Tencor",4,45262
"NYSE_KSS","http://en.wikipedia.org/wiki/Kohl's_Corp.","Kohl's",0,0
"NASDAQ_KHC","http://en.wikipedia.org/wiki/Kraft_Heinz","Kraft Heinz",10,62976
"NYSE_KR","http://en.wikipedia.org/wiki/Kroger_Co.","Kroger",8,421399
"NYSE_LB","http://en.wikipedia.org/wiki/L_Brands_Inc.","L Brands",3,23633
"NYSE_LLL","http://en.wikipedia.org/wiki/L-3_Communications_Holdings","L-3 Communications",0,0
"NYSE_LH","http://en.wikipedia.org/wiki/Laboratory_Corp._of_America_Holding","LabCorp",0,0
"NASDAQ_LRCX","http://en.wikipedia.org/wiki/Lam_Research","Lam Research",0,0
"NYSE_LM","http://en.wikipedia.org/wiki/Legg_Mason","Legg Mason",4,33752
"NYSE_LEG","http://en.wikipedia.org/wiki/Leggett_&_Platt","Leggett & Platt",0,0
"NYSE_LEN","http://en.wikipedia.org/wiki/Lennar_Corp.","Lennar Corporation",7,124348
"NYSE_LVLT","http://en.wikipedia.org/wiki/Level_3_Communications","Level 3 Communications",0,0
"NYSE_LUK","http://en.wikipedia.org/wiki/Leucadia_National_Corp.","Leucadia National",0,0
"NYSE_LLY","http://en.wikipedia.org/wiki/Lilly_(Eli)_&_Co.","Eli Lilly and Company",11,817578
"NYSE_LNC","http://en.wikipedia.org/wiki/Lincoln_National","Lincoln National Corporation",0,0
"NASDAQ_LLTC","http://en.wikipedia.org/wiki/Linear_Technology_Corp.","Linear Technology",0,0
"NYSE_LMT","http://en.wikipedia.org/wiki/Lockheed_Martin_Corp.","Lockheed Martin",8,333706
"NYSE_L","http://en.wikipedia.org/wiki/Loews_Corp.","Loews Corporation",3,34120
"NYSE_LOW","http://en.wikipedia.org/wiki/Lowe's_Cos.","Lowe's",1,29114
"NYSE_LYB","http://en.wikipedia.org/wiki/LyondellBasell","LyondellBasell",0,0
"NYSE_MTB","http://en.wikipedia.org/wiki/M&T_Bank_Corp.","M&T Bank",0,0
"NYSE_MAC","http://en.wikipedia.org/wiki/Macerich","Macerich",0,0
"NYSE_M","http://en.wikipedia.org/wiki/Macy's_Inc.","Macy's, Inc.",4,92628
"NYSE_MNK","http://en.wikipedia.org/wiki/Mallinckrodt_Plc","Mallinckrodt",1,12570
"NYSE_MRO","http://en.wikipedia.org/wiki/Marathon_Oil_Corp.","Marathon Oil",0,0
"NYSE_MPC","http://en.wikipedia.org/wiki/Marathon_Petroleum","Marathon Petroleum",0,0
"NASDAQ_MAR","http://en.wikipedia.org/wiki/Marriott_Int'l.","Marriott International",3,71644
"NYSE_MMC","http://en.wikipedia.org/wiki/Marsh_&_McLennan","Marsh & McLennan Companies",0,0
"NYSE_MLM","http://en.wikipedia.org/wiki/Martin_Marietta_Materials","Martin Marietta Materials",0,0
"NYSE_MAS","http://en.wikipedia.org/wiki/Masco_Corp.","Masco",0,0
"NYSE_MA","http://en.wikipedia.org/wiki/Mastercard_Inc.","MasterCard",12,550184
"NASDAQ_MAT","http://en.wikipedia.org/wiki/Mattel_Inc.","Mattel",10,166452
"NYSE_MKC","http://en.wikipedia.org/wiki/McCormick_&_Co.","McCormick & Company",0,0
"NYSE_MCD","http://en.wikipedia.org/wiki/McDonald's_Corp.","McDonald's",12,741112
"NYSE_MHFI","http://en.wikipedia.org/wiki/McGraw_Hill_Financial","McGraw Hill Financial",2,42365
"NYSE_MCK","http://en.wikipedia.org/wiki/McKesson_Corp.","McKesson Corporation",1,12942
"NYSE_MJN","http://en.wikipedia.org/wiki/Mead_Johnson","Mead Johnson",0,0
"NYSE_MDT","http://en.wikipedia.org/wiki/Medtronic_plc","Medtronic",1,27616
"NYSE_MRK","http://en.wikipedia.org/wiki/Merck_&_Co.","Merck & Co.",13,607553
"NYSE_MET","http://en.wikipedia.org/wiki/MetLife_Inc.","MetLife",3,195669
"NYSE_KORS","http://en.wikipedia.org/wiki/Michael_Kors_Holdings","Michael Kors",6,92470
"NASDAQ_MCHP","http://en.wikipedia.org/wiki/Microchip_Technology","Microchip Technology",0,0
"NASDAQ_MU","http://en.wikipedia.org/wiki/Micron_Technology","Micron Technology",2,28498
"NASDAQ_MSFT","http://en.wikipedia.org/wiki/Microsoft_Corp.","Microsoft",29,2713491
"NYSE_MHK","http://en.wikipedia.org/wiki/Mohawk_Industries","Mohawk Industries",0,0
"NYSE_TAP","http://en.wikipedia.org/wiki/Molson_Coors_Brewing_Company","Molson Coors Brewing Company",0,0
"NYSE_MON","http://en.wikipedia.org/wiki/Monsanto_Co.","Monsanto",20,2735731
"NASDAQ_MNST","http://en.wikipedia.org/wiki/Monster_Beverage","Monster Beverage",2,22653
"NYSE_MCO","http://en.wikipedia.org/wiki/Moody's_Corp","Moody's Corporation",0,0
"NYSE_MS","http://en.wikipedia.org/wiki/Morgan_Stanley","Morgan Stanley",3,150193
"NYSE_MOS","http://en.wikipedia.org/wiki/The_Mosaic_Company","The Mosaic Company",1,9132
"NYSE_MSI","http://en.wikipedia.org/wiki/Motorola_Solutions_Inc.","Motorola Solutions",2,15010
"NYSE_MUR","http://en.wikipedia.org/wiki/Murphy_Oil","Murphy Oil",0,0
"NASDAQ_MYL","http://en.wikipedia.org/wiki/Mylan_N.V.","Mylan",5,89510
"NASDAQ_NDAQ","https://en.wikipedia.org/wiki/Nasdaq,_Inc.","Nasdaq, Inc.",1,8948
"NYSE_NOV","http://en.wikipedia.org/wiki/National_Oilwell_Varco_Inc.","National Oilwell Varco",0,0
"NASDAQ_NAVI","http://en.wikipedia.org/wiki/Navient","Navient Corporation",2,5877
"NASDAQ_NTAP","http://en.wikipedia.org/wiki/NetApp","NetApp",3,43440
"NASDAQ_NFLX","http://en.wikipedia.org/wiki/Netflix_Inc.","Netflix",87,17130010
"NYSE_NWL","http://en.wikipedia.org/wiki/Newell_Rubbermaid_Co.","Newell Rubbermaid",2,25027
"NYSE_NFX","http://en.wikipedia.org/wiki/Newfield_Exploration_Co","Newfield Exploration",0,0
"NYSE_NEM","http://en.wikipedia.org/wiki/Newmont_Mining_Corp._(Hldg._Co.)","Newmont Mining Corporation",2,82707
"NASDAQ_NWSA","http://en.wikipedia.org/wiki/News_Corp._Class_A","News Corp",3,44694
"NASDAQ_NWS","http://en.wikipedia.org/wiki/News_Corp._Class_B","News Corp",3,44694
"NYSE_NEE","http://en.wikipedia.org/wiki/NextEra_Energy","NextEra Energy",1,6203
"NYSE_NLSN","http://en.wikipedia.org/wiki/Nielsen_Holdings","Nielsen N.V.",4,76160
"NYSE_NKE","http://en.wikipedia.org/wiki/Nike_(company)","Nike, Inc.",14,651299
"NYSE_NI","http://en.wikipedia.org/wiki/NiSource_Inc.","NiSource",0,0
"NYSE_NBL","http://en.wikipedia.org/wiki/Noble_Energy_Inc","Noble Energy",0,0
"NYSE_JWN","http://en.wikipedia.org/wiki/Nordstrom","Nordstrom",5,141253
"NYSE_NSC","http://en.wikipedia.org/wiki/Norfolk_Southern_Corp.","Norfolk Southern Railway",5,238512
"NASDAQ_NTRS","http://en.wikipedia.org/wiki/Northern_Trust_Corp.","Northern Trust",6,85184
"NYSE_NOC","http://en.wikipedia.org/wiki/Northrop_Grumman_Corp.","Northrop Grumman",13,623114
"NYSE_NRG","http://en.wikipedia.org/wiki/NRG_Energy","NRG Energy",0,0
"NYSE_NUE","http://en.wikipedia.org/wiki/Nucor_Corp.","Nucor",0,0
"NASDAQ_NVDA","http://en.wikipedia.org/wiki/Nvidia_Corporation","Nvidia",5,132540
"NASDAQ_ORLY","http://en.wikipedia.org/wiki/O'Reilly_Automotive","O'Reilly Automotive",3,29426
"NYSE_OXY","http://en.wikipedia.org/wiki/Occidental_Petroleum","Occidental Petroleum",1,52946
"NYSE_OMC","http://en.wikipedia.org/wiki/Omnicom_Group","Omnicom Group",3,33454
"NYSE_OKE","http://en.wikipedia.org/wiki/ONEOK","ONEOK",0,0
"NYSE_ORCL","http://en.wikipedia.org/wiki/Oracle_Corp.","Oracle Corporation",11,1115437
"NYSE_OI","http://en.wikipedia.org/wiki/Owens-Illinois_Inc","Owens-Illinois",0,0
"NASDAQ_PCAR","http://en.wikipedia.org/wiki/PACCAR_Inc.","Paccar",0,0
"NYSE_PH","http://en.wikipedia.org/wiki/Parker-Hannifin","Parker Hannifin",0,0
"NASDAQ_PDCO","http://en.wikipedia.org/wiki/Patterson_Companies","Patterson Companies",0,0
"NASDAQ_PAYX","http://en.wikipedia.org/wiki/Paychex_Inc.","Paychex",0,0
"NASDAQ_PYPL","http://en.wikipedia.org/wiki/PayPal","PayPal",18,1250227
"NYSE_PNR","http://en.wikipedia.org/wiki/Pentair","Pentair",0,0
"NASDAQ_PBCT","http://en.wikipedia.org/wiki/People's_United_Financial","People's United Financial",0,0
"NYSE_POM","http://en.wikipedia.org/wiki/Pepco_Holdings_Inc.","Pepco Holdings",1,5448
"NYSE_PEP","http://en.wikipedia.org/wiki/PepsiCo_Inc.","PepsiCo",15,1076318
"NYSE_PKI","http://en.wikipedia.org/wiki/PerkinElmer","PerkinElmer",0,0
"NYSE_PRGO","http://en.wikipedia.org/wiki/Perrigo","Perrigo",0,0
"NYSE_PFE","http://en.wikipedia.org/wiki/Pfizer_Inc.","Pfizer",8,694750
"NYSE_PCG","http://en.wikipedia.org/wiki/PG&E_Corp.","Pacific Gas and Electric Company",7,492605
"NYSE_PM","http://en.wikipedia.org/wiki/Philip_Morris_International","Philip Morris International",2,51969
"NYSE_PSX","http://en.wikipedia.org/wiki/Phillips_66","Phillips 66",3,51661
"NYSE_PNW","http://en.wikipedia.org/wiki/Pinnacle_West_Capital","Arizona Public Service",1,11383
"NYSE_PXD","http://en.wikipedia.org/wiki/Pioneer_Natural_Resources","Pioneer Natural Resources",0,0
"NYSE_PBI","http://en.wikipedia.org/wiki/Pitney-Bowes","Pitney Bowes",1,12708
"NYSE_PCL","http://en.wikipedia.org/wiki/Plum_Creek_Timber_Co.","Plum Creek Timber",0,0
"NYSE_PNC","http://en.wikipedia.org/wiki/PNC_Financial_Services","PNC Financial Services",1,41777
"NYSE_RL","http://en.wikipedia.org/wiki/Polo_Ralph_Lauren_Corp.","Ralph Lauren Corporation",7,173245
"NYSE_PPG","http://en.wikipedia.org/wiki/PPG_Industries","PPG Industries",0,0
"NYSE_PPL","http://en.wikipedia.org/wiki/PPL_Corp.","PPL Corporation",2,20484
"NYSE_PX","http://en.wikipedia.org/wiki/Praxair_Inc.","Praxair",1,2443
"NYSE_PCP","http://en.wikipedia.org/wiki/Precision_Castparts","Precision Castparts Corp.",6,93418
"NASDAQ_PCLN","http://en.wikipedia.org/wiki/Priceline.com_Inc","Priceline.com",0,0
"NYSE_PFG","http://en.wikipedia.org/wiki/Principal_Financial_Group","Principal Financial Group",1,9100
"NYSE_PG","http://en.wikipedia.org/wiki/Procter_&_Gamble","Procter & Gamble",3,103436
"NYSE_PGR","http://en.wikipedia.org/wiki/Progressive_Corp.","Progressive Corporation",0,0
"NYSE_PLD","http://en.wikipedia.org/wiki/Prologis","Prologis",0,0
"NYSE_PRU","http://en.wikipedia.org/wiki/Prudential_Financial","Prudential Financial",1,20744
"NYSE_PEG","http://en.wikipedia.org/wiki/Public_Serv._Enterprise_Inc.","Public Service Enterprise Group",2,28380
"NYSE_PSA","http://en.wikipedia.org/wiki/Public_Storage","Public Storage",0,0
"NYSE_PHM","http://en.wikipedia.org/wiki/Pulte_Homes_Inc.","PulteGroup",0,0
"NYSE_PVH","http://en.wikipedia.org/wiki/PVH_Corp.","PVH (company)",3,32771
"NASDAQ_QRVO","http://en.wikipedia.org/wiki/Qorvo","Qorvo",0,0
"NYSE_PWR","http://en.wikipedia.org/wiki/Quanta_Services_Inc.","Quanta Services",0,0
"NASDAQ_QCOM","http://en.wikipedia.org/wiki/QUALCOMM_Inc.","Qualcomm",17,796533
"NYSE_DGX","http://en.wikipedia.org/wiki/Quest_Diagnostics","Quest Diagnostics",0,0
"NYSE_RRC","http://en.wikipedia.org/wiki/Range_Resources","Range Resources",0,0
"NYSE_RTN","http://en.wikipedia.org/wiki/Raytheon_Co.","Raytheon",1,53221
"NYSE_O","http://en.wikipedia.org/wiki/Realty_Income_Corporation","Realty Income Corporation",1,11180
"NYSE_RHT","http://en.wikipedia.org/wiki/Red_Hat_Inc.","Red Hat",3,145876
"NASDAQ_REGN","http://en.wikipedia.org/wiki/Regeneron","Regeneron",0,0
"NYSE_RF","http://en.wikipedia.org/wiki/Regions_Financial_Corp.","Regions Financial Corporation",2,33666
"NYSE_RSG","http://en.wikipedia.org/wiki/Republic_Services_Inc","Republic Services",6,94417
"NYSE_RAI","http://en.wikipedia.org/wiki/Reynolds_American_Inc.","Reynolds American",0,0
"NYSE_RHI","http://en.wikipedia.org/wiki/Robert_Half_International","Robert Half International",1,7553
"NYSE_ROK","http://en.wikipedia.org/wiki/Rockwell_Automation_Inc.","Rockwell Automation",0,0
"NYSE_COL","http://en.wikipedia.org/wiki/Rockwell_Collins","Rockwell Collins",0,0
"NYSE_ROP","http://en.wikipedia.org/wiki/Roper_Industries","Roper Technologies",0,0
"NASDAQ_ROST","http://en.wikipedia.org/wiki/Ross_Stores","Ross Stores",0,0
"NYSE_RCL","http://en.wikipedia.org/wiki/Royal_Caribbean_Cruises_Ltd","Royal Caribbean Cruises Ltd.",1,14466
"NYSE_R","http://en.wikipedia.org/wiki/Ryder_System","Ryder",0,0
"NYSE_CRM","http://en.wikipedia.org/wiki/Salesforce.com","Salesforce.com",16,740483
"NASDAQ_SNDK","http://en.wikipedia.org/wiki/SanDisk_Corporation","SanDisk",10,175377
"NYSE_SCG","http://en.wikipedia.org/wiki/SCANA_Corp","SCANA",0,0
"NYSE_SLB","http://en.wikipedia.org/wiki/Schlumberger_Ltd.","Schlumberger",12,285331
"NYSE_SNI","http://en.wikipedia.org/wiki/Scripps_Networks_Interactive_Inc.","Scripps Networks Interactive",0,0
"NASDAQ_STX","http://en.wikipedia.org/wiki/Seagate_Technology","Seagate Technology",7,209031
"NYSE_SEE","http://en.wikipedia.org/wiki/Sealed_Air_Corp.(New)","Sealed Air",0,0
"NYSE_SRE","http://en.wikipedia.org/wiki/Sempra_Energy","Sempra Energy",0,0
"NYSE_SHW","http://en.wikipedia.org/wiki/Sherwin-Williams","Sherwin-Williams",0,0
"NYSE_SIG","http://en.wikipedia.org/wiki/Signet_Jewelers","Signet Jewelers",2,15300
"NYSE_SPG","http://en.wikipedia.org/wiki/Simon_Property_Group_Inc","Simon Property Group",0,0
"NASDAQ_SWKS","http://en.wikipedia.org/wiki/Skyworks_Solutions","Skyworks Solutions",3,15205
"NYSE_SLG","http://en.wikipedia.org/wiki/SL_Green_Realty","SL Green Realty",0,0
"NYSE_SJM","http://en.wikipedia.org/wiki/Smucker_(J.M.)","The J.M. Smucker Company",1,13672
"NYSE_SNA","http://en.wikipedia.org/wiki/Snap-On_Inc.","Snap-on",2,16295
"NYSE_SO","http://en.wikipedia.org/wiki/Southern_Co.","Southern Company",2,46982
"NYSE_LUV","http://en.wikipedia.org/wiki/Southwest_Airlines","Southwest Airlines",42,4460226
"NYSE_SWN","http://en.wikipedia.org/wiki/Southwestern_Energy","Southwestern Energy",0,0
"NYSE_SE","http://en.wikipedia.org/wiki/Spectra_Energy_Corp.","Spectra Energy",1,10210
"NYSE_STJ","http://en.wikipedia.org/wiki/St_Jude_Medical","St. Jude Medical",4,119683
"NYSE_SWK","http://en.wikipedia.org/wiki/Stanley_Black_&_Decker","Stanley Black & Decker",0,0
"NASDAQ_SPLS","http://en.wikipedia.org/wiki/Staples_Inc.","Staples Inc.",8,287738
"NASDAQ_SBUX","http://en.wikipedia.org/wiki/Starbucks_Corp.","Starbucks",67,9863667
"NYSE_HOT","http://en.wikipedia.org/wiki/Starwood_Hotels_&_Resorts","Starwood Hotels and Resorts Worldwide",5,88331
"NYSE_STT","http://en.wikipedia.org/wiki/State_Street_Corp.","State Street Corporation",0,0
"NASDAQ_SRCL","http://en.wikipedia.org/wiki/Stericycle_Inc","Stericycle",0,0
"NYSE_SYK","http://en.wikipedia.org/wiki/Stryker_Corp.","Stryker Corporation",3,62212
"NYSE_STI","http://en.wikipedia.org/wiki/SunTrust_Banks","SunTrust Banks",1,14342
"NASDAQ_SYMC","http://en.wikipedia.org/wiki/Symantec_Corp.","Symantec",3,132158
"NYSE_SYF","http://en.wikipedia.org/wiki/Synchrony_Financial","Synchrony Financial",0,0
"NYSE_SYY","http://en.wikipedia.org/wiki/Sysco_Corp.","Sysco",2,30613
"NASDAQ_TROW","http://en.wikipedia.org/wiki/T._Rowe_Price_Group","T. Rowe Price",0,0
"NYSE_TGT","http://en.wikipedia.org/wiki/Target_Corp.","Target Corporation",40,3281843
"NYSE_TEL","http://en.wikipedia.org/wiki/TE_Connectivity","TE Connectivity",0,0
"NYSE_TE","http://en.wikipedia.org/wiki/TECO_Energy","TECO Energy",0,0
"NYSE_TGNA","http://en.wikipedia.org/wiki/Gannett_Co.","Gannett Company",7,206794
"NYSE_THC","http://en.wikipedia.org/wiki/Tenet_Healthcare_Corp.","Tenet Healthcare",0,0
"NYSE_TDC","http://en.wikipedia.org/wiki/Teradata_Corp.","Teradata",1,30081
"NYSE_TSO","http://en.wikipedia.org/wiki/Tesoro_Petroleum_Co.","Tesoro",3,34206
"NASDAQ_TXN","http://en.wikipedia.org/wiki/Texas_Instruments","Texas Instruments",18,864446
"NYSE_TXT","http://en.wikipedia.org/wiki/Textron_Inc.","Textron",3,34311
"NYSE_HSY","http://en.wikipedia.org/wiki/The_Hershey_Company","The Hershey Company",18,657507
"NYSE_TRV","http://en.wikipedia.org/wiki/The_Travelers_Companies_Inc.","The Travelers Companies",1,21089
"NYSE_TMO","http://en.wikipedia.org/wiki/Thermo_Fisher_Scientific","Thermo Fisher Scientific",1,11474
"NYSE_TIF","http://en.wikipedia.org/wiki/Tiffany_&_Co.","Tiffany & Co.",5,196645
"NYSE_TWX","http://en.wikipedia.org/wiki/Time_Warner_Inc.","Time Warner",14,814287
"NYSE_TWC","http://en.wikipedia.org/wiki/Time_Warner_Cable_Inc.","Time Warner Cable",10,380801
"NYSE_TJX","http://en.wikipedia.org/wiki/TJX_Companies_Inc.","TJX Companies",0,0
"NYSE_TMK","http://en.wikipedia.org/wiki/Torchmark_Corp.","Torchmark",0,0
"NYSE_TSS","http://en.wikipedia.org/wiki/Total_System_Services","TSYS",2,15740
"NASDAQ_TSCO","http://en.wikipedia.org/wiki/Tractor_Supply_Company","Tractor Supply Company",2,14148
"NYSE_RIG","http://en.wikipedia.org/wiki/Transocean","Transocean",2,91642
"NASDAQ_TRIP","http://en.wikipedia.org/wiki/TripAdvisor","TripAdvisor",10,235445
"NASDAQ_FOXA","http://en.wikipedia.org/wiki/Twenty-First_Century_Fox_Class_A","21st Century Fox",1,18555
"NASDAQ_FOX","http://en.wikipedia.org/wiki/Twenty-First_Century_Fox_Class_B","21st Century Fox",1,18555
"NYSE_TSN","http://en.wikipedia.org/wiki/Tyson_Foods","Tyson Foods",6,138719
"NYSE_TYC","http://en.wikipedia.org/wiki/Tyco_International","Tyco International",7,236439
"NYSE_USB","http://en.wikipedia.org/wiki/U.S._Bancorp","U.S. Bancorp",2,46520
"NYSE_UA","http://en.wikipedia.org/wiki/Under_Armour","Under Armour",40,2106113
"NYSE_UNP","http://en.wikipedia.org/wiki/Union_Pacific","Union Pacific Railroad",3,193358
"NYSE_UAL","http://en.wikipedia.org/wiki/United_Continental_Holdings","United Continental Holdings",3,69373
"NYSE_UNH","http://en.wikipedia.org/wiki/United_Health_Group_Inc.","UnitedHealth Group",7,232954
"NYSE_UPS","http://en.wikipedia.org/wiki/United_Parcel_Service","United Parcel Service",8,388919
"NYSE_URI","http://en.wikipedia.org/wiki/United_Rentals","United Rentals",2,19182
"NYSE_UTX","http://en.wikipedia.org/wiki/United_Technologies","United Technologies Corporation",2,41916
"NYSE_UHS","http://en.wikipedia.org/wiki/Universal_Health_Services","Universal Health Services",1,11347
"NYSE_UNM","http://en.wikipedia.org/wiki/Unum_Group","Unum",0,0
"NASDAQ_URBN","http://en.wikipedia.org/wiki/Urban_Outfitters","Urban Outfitters",1,26160
"NYSE_VFC","http://en.wikipedia.org/wiki/V.F._Corp.","VF Corporation",5,51331
"NYSE_VLO","http://en.wikipedia.org/wiki/Valero_Energy","Valero Energy",2,36987
"NYSE_VAR","http://en.wikipedia.org/wiki/Varian_Medical_Systems","Varian Medical Systems",1,10689
"NYSE_VTR","http://en.wikipedia.org/wiki/Ventas_Inc","Ventas",0,0
"NASDAQ_VRSN","http://en.wikipedia.org/wiki/Verisign_Inc.","Verisign",2,46582
"NASDAQ_VRSK","http://en.wikipedia.org/wiki/Verisk_Analytics","Verisk Analytics",0,0
"NYSE_VZ","http://en.wikipedia.org/wiki/Verizon_Communications","Verizon Communications",30,2179022
"NASDAQ_VRTX","http://en.wikipedia.org/wiki/Vertex_Pharmaceuticals","Vertex Pharmaceuticals",0,0
"NASDAQ_VIAB","http://en.wikipedia.org/wiki/Viacom_Inc.","Viacom",2,52051
"NYSE_V","http://en.wikipedia.org/wiki/Visa_Inc.","Visa Inc.",6,317359
"NYSE_VNO","http://en.wikipedia.org/wiki/Vornado_Realty_Trust","Vornado Realty Trust",0,0
"NYSE_VMC","http://en.wikipedia.org/wiki/Vulcan_Materials","Vulcan Materials Company",0,0
"NYSE_WMT","http://en.wikipedia.org/wiki/Wal-Mart_Stores","Walmart",33,4421823
"NASDAQ_WBA","http://en.wikipedia.org/wiki/Walgreens_Boots_Alliance","Walgreens Boots Alliance",3,39508
"NYSE_DIS","http://en.wikipedia.org/wiki/The_Walt_Disney_Company","The Walt Disney Company",7,605015
"NYSE_WM","http://en.wikipedia.org/wiki/Waste_Management_Inc.","Waste Management (corporation)",3,116544
"NYSE_WAT","http://en.wikipedia.org/wiki/Waters_Corporation","Waters Corporation",0,0
"NYSE_ANTM","http://en.wikipedia.org/wiki/Anthem_Inc.","Anthem Inc.",1,40199
"NYSE_WFC","http://en.wikipedia.org/wiki/Wells_Fargo","Wells Fargo",6,348705
"NYSE_HCN","http://en.wikipedia.org/wiki/Welltower_Inc.","Welltower",3,12928
"NASDAQ_WDC","http://en.wikipedia.org/wiki/Western_Digital","Western Digital",13,456962
"NYSE_WU","http://en.wikipedia.org/wiki/Western_Union_Co","Western Union",9,303810
"NYSE_WY","http://en.wikipedia.org/wiki/Weyerhaeuser_Corp.","Weyerhaeuser",0,0
"NYSE_WHR","http://en.wikipedia.org/wiki/Whirlpool_Corp.","Whirlpool Corporation",1,25280
"NASDAQ_WFM","http://en.wikipedia.org/wiki/Whole_Foods_Market","Whole Foods Market",8,475101
"NYSE_WMB","http://en.wikipedia.org/wiki/Williams_Cos.","Williams Companies",0,0
"NYSE_WEC","http://en.wikipedia.org/wiki/Wisconsin_Energy_Corporation","WEC Energy Group",0,0
"NYSE_WYN","http://en.wikipedia.org/wiki/Wyndham_Worldwide","Wyndham Worldwide",1,10880
"NASDAQ_WYNN","http://en.wikipedia.org/wiki/Wynn_Resorts_Ltd","Wynn Resorts",1,9568
"NYSE_XEL","http://en.wikipedia.org/wiki/Xcel_Energy_Inc","Xcel Energy",0,0
"NYSE_XRX","http://en.wikipedia.org/wiki/Xerox_Corp.","Xerox",8,344108
"NASDAQ_XLNX","http://en.wikipedia.org/wiki/Xilinx_Inc","Xilinx",5,242541
"NYSE_XL","http://en.wikipedia.org/wiki/XL_Capital","XL Catlin",4,23155
"NYSE_XYL","http://en.wikipedia.org/wiki/Xylem_Inc.","Xylem Inc.",1,13809
"NASDAQ_YHOO","http://en.wikipedia.org/wiki/Yahoo_Inc.","Yahoo!",6,422255
"NYSE_YUM","http://en.wikipedia.org/wiki/Yum!_Brands_Inc","Yum! Brands",4,49964
"NYSE_ZBH","http://en.wikipedia.org/wiki/Zimmer_Holdings","Zimmer Biomet",3,25735
"NASDAQ_ZION","http://en.wikipedia.org/wiki/Zions_Bancorp","Zions Bancorporation",0,0
"NYSE_ZTS","http://en.wikipedia.org/wiki/Zoetis","Zoetis",0,0
