"NYSE_MMM","http://en.wikipedia.org/wiki/3M","3M","1","34197","54161940.0","0.108908795937","0.108908795937"
"NYSE_ABT","http://en.wikipedia.org/wiki/Abbott_Laboratories","Abbott Laboratories","3","82072","172051255.0","0.113873694679","0.113873694679"
"NYSE_ABBV","http://en.wikipedia.org/wiki/AbbVie","AbbVie","15","134181","263623723.0","0.0944679286896","0.0944679286896"
"NYSE_ACN","http://en.wikipedia.org/wiki/Accenture_plc","Accenture","23","532380","55324829.0","0.0909831060452","0.0909831060452"
"NYSE_ACE","http://en.wikipedia.org/wiki/ACE_Limited","ACE Limited","0","0","49773265.0","0.0980657640232","0.0980657640232"
"NASDAQ_ATVI","http://en.wikipedia.org/wiki/Activision_Blizzard","Activision Blizzard","20","514936","162099770.0","0.125283263192","0.125283263192"
"NASDAQ_ADBE","http://en.wikipedia.org/wiki/Adobe_Systems_Inc","Adobe Systems","6","244680","83998072.0","0.0783264412552","0.0783264412552"
"NYSE_ADT","http://en.wikipedia.org/wiki/ADT_Corp","The ADT Corporation","1","10481","30243200.0","0.105016722408","0.105016722408"
"NYSE_AAP","http://en.wikipedia.org/wiki/Advance_Auto_Parts","Advance Auto Parts","5","73209","16605332.0","0.0469582651823","0.0469582651823"
"NYSE_AES","http://en.wikipedia.org/wiki/AES_Corp","AES Corporation","2","9400","135681075.0","0.11848825332","0.11848825332"
"NYSE_AET","http://en.wikipedia.org/wiki/Aetna_Inc","Aetna","1","51960","74815067.0","0.0490814367974","0.0490814367974"
"NYSE_AFL","http://en.wikipedia.org/wiki/AFLAC_Inc","Aflac","3","60753","52443886.0","0.0966798554963","0.0966798554963"
"NYSE_AMG","http://en.wikipedia.org/wiki/Affiliated_Managers_Group_Inc","Affiliated Managers Group","0","0","8180126.0","0.0542136967074","0.0542136967074"
"NYSE_A","http://en.wikipedia.org/wiki/Agilent_Technologies_Inc","Agilent Technologies","1","20943","52616383.0","0.099912612875","0.099912612875"
"NYSE_GAS","http://en.wikipedia.org/wiki/AGL_Resources_Inc.","AGL Resources","0","0","12696056.0","0.0239187418087","0.0239187418087"
"NYSE_APD","http://en.wikipedia.org/wiki/Air_Products_&_Chemicals_Inc","Air Products & Chemicals","0","0","28528905.0","0.0893556983853","0.0893556983853"
"NYSE_ARG","http://en.wikipedia.org/wiki/Airgas_Inc","Airgas","0","0","13968422.0","0.0764580767939","0.0764580767939"
"NASDAQ_AKAM","http://en.wikipedia.org/wiki/Akamai_Technologies_Inc","Akamai Technologies","13","515504","57886895.0","-0.119316536345","0.119316536345"
"NYSE_AA","http://en.wikipedia.org/wiki/Alcoa_Inc","Alcoa","4","404270","785446132.0","-0.0755693581781","0.0755693581781"
"NYSE_AGN","http://en.wikipedia.org/wiki/Allergan","Allergan, Plc","8","102690","128824157.0","0.134873624959","0.134873624959"
"NASDAQ_ALXN","http://en.wikipedia.org/wiki/Alexion_Pharmaceuticals","Alexion Pharmaceuticals","8","157546","38854508.0","0.12676056338","0.12676056338"
"NYSE_ALLE","http://en.wikipedia.org/wiki/Allegion","Allegion","0","0","16672028.0","0.130246271245","0.130246271245"
"NYSE_ADS","http://en.wikipedia.org/wiki/Alliance_Data_Systems","Alliance Data","0","0","9662956.0","0.14800370685","0.14800370685"
"NYSE_ALL","http://en.wikipedia.org/wiki/Allstate_Corp","Allstate","1","36060","63547824.0","0.0625","0.0625"
"NASDAQ_GOOGL","http://en.wikipedia.org/wiki/Alphabet_Inc_Class_A","Alphabet Inc.","77","903392","48497727.0","0.15723477715","0.15723477715"
"NASDAQ_GOOG","http://en.wikipedia.org/wiki/Alphabet_Inc_Class_C","Alphabet Inc.","77","903392","47922582.0","0.16828835344","0.16828835344"
"NASDAQ_ALTR","http://en.wikipedia.org/wiki/Altera_Corp","Altera","0","0","72380274.0","0.0507898420316","0.0507898420316"
"NYSE_MO","http://en.wikipedia.org/wiki/Altria_Group_Inc","Altria","2","37561","139523998.0","0.111580882353","0.111580882353"
"NASDAQ_AMZN","http://en.wikipedia.org/wiki/Amazon.com_Inc","Amazon.com","61","9476769","94164125.0","0.223249359939","0.223249359939"
"NYSE_AEE","http://en.wikipedia.org/wiki/Ameren_Corp","Ameren","14","149430","30987324.0","0.0333569907736","0.0333569907736"
"NASDAQ_AAL","http://en.wikipedia.org/wiki/American_Airlines_Group","American Airlines Group","15","258384","230550932.0","0.190316765388","0.190316765388"
"NYSE_AEP","http://en.wikipedia.org/wiki/American_Electric_Power","American Electric Power","3","93197","70900025.0","-0.00369328174464","0.00369328174464"
"NYSE_AXP","http://en.wikipedia.org/wiki/American_Express_Co","American Express","11","850866","121623800.0","-0.0117361392149","0.0117361392149"
"NYSE_AIG","http://en.wikipedia.org/wiki/American_International_Group","American International Group","4","197305","156100025.0","0.109820485744","0.109820485744"
"NYSE_AMT","http://en.wikipedia.org/wiki/American_Tower_Corp_A","American Tower Corporation","0","0","46114413.0","0.161968629234","0.161968629234"
"NYSE_AMP","http://en.wikipedia.org/wiki/Ameriprise_Financial","Ameriprise Financial","5","156887","25260706.0","0.0570878768441","0.0570878768441"
"NYSE_ABC","http://en.wikipedia.org/wiki/AmerisourceBergen_Corp","AmerisourceBergen","1","7899","67595841.0","0.0160016843878","0.0160016843878"
"NYSE_AME","http://en.wikipedia.org/wiki/Ametek","Ametek","1","16967","33437061.0","0.0477828746177","0.0477828746177"
"NASDAQ_AMGN","http://en.wikipedia.org/wiki/Amgen_Inc","Amgen","2","51747","96457717.0","0.144738746562","0.144738746562"
"NYSE_APH","http://en.wikipedia.org/wiki/Amphenol_Corp_A","Amphenol","0","0","33719655.0","0.0639717425432","0.0639717425432"
"NYSE_APC","http://en.wikipedia.org/wiki/Anadarko_Petroleum","Anadarko Petroleum","0","0","107020708.0","0.107468123862","0.107468123862"
"NASDAQ_ADI","http://en.wikipedia.org/wiki/Analog_Devices","Analog Devices","1","36814","72690277.0","0.0657684807658","0.0657684807658"
"NYSE_AON","http://en.wikipedia.org/wiki/Aon_plc","Aon (company)","0","0","25759773.0","0.0530414174472","0.0530414174472"
"NYSE_APA","http://en.wikipedia.org/wiki/Apache_Corporation","Apache Corporation","0","0","102164599.0","0.203524004086","0.203524004086"
"NYSE_AIV","http://en.wikipedia.org/wiki/Apartment_Investment_&_Mgmt","Aimco","0","0","24512271.0","0.0586169638033","0.0586169638033"
"NASDAQ_AAPL","http://en.wikipedia.org/wiki/Apple_Inc.","Apple Inc.","16","2945820","1086633198.0","0.0868576625739","0.0868576625739"
"NASDAQ_AMAT","http://en.wikipedia.org/wiki/Applied_Materials_Inc","Applied Materials","2","25795","344970209.0","0.142370572207","0.142370572207"
"NYSE_ADM","http://en.wikipedia.org/wiki/Archer-Daniels-Midland_Co","Archer Daniels Midland","0","0","62573837.0","0.101568154403","0.101568154403"
"NYSE_AIZ","http://en.wikipedia.org/wiki/Assurant_Inc","Assurant","3","37436","13118219.0","0.0318946968738","0.0318946968738"
"NYSE_T","http://en.wikipedia.org/wiki/AT&T_Inc","AT&T","16","797589","556199873.0","0.0285451197053","0.0285451197053"
"NASDAQ_ADSK","http://en.wikipedia.org/wiki/Autodesk_Inc","Autodesk","1","46722","79009732.0","0.250339827821","0.250339827821"
"NASDAQ_ADP","http://en.wikipedia.org/wiki/Automatic_Data_Processing","Automatic Data Processing","1","11015","42389817.0","0.0833125778331","0.0833125778331"
"NYSE_AN","http://en.wikipedia.org/wiki/AutoNation_Inc","AutoNation","0","0","19081473.0","0.0861120660021","0.0861120660021"
"NYSE_AZO","http://en.wikipedia.org/wiki/AutoZone_Inc","AutoZone","8","145954","5773043.0","0.0836936849813","0.0836936849813"
"NASDAQ_AVGO","http://en.wikipedia.org/wiki/Avago_Technologies","Avago","2","24916","84469959.0","-0.0142502601873","0.0142502601873"
"NYSE_AVB","http://en.wikipedia.org/wiki/AvalonBay_Communities","AvalonBay Communities","1","3873","16583909.0","5.72016931702e-05","5.72016931702e-05"
"NYSE_AVY","http://en.wikipedia.org/wiki/Avery_Dennison_Corp","Avery Dennison","0","0","15850103.0","0.148488598197","0.148488598197"
"NYSE_BHI","http://en.wikipedia.org/wiki/Baker_Hughes_Inc","Baker Hughes","1","30542","65439961.0","0.0122982321291","0.0122982321291"
"NYSE_BLL","http://en.wikipedia.org/wiki/Ball_Corp","Ball Corporation","1","13497","22011488.0","0.101286173633","0.101286173633"
"NYSE_BAC","http://en.wikipedia.org/wiki/Bank_of_America_Corp","Bank of America","9","981838","1826997603.0","0.0770218228498","0.0770218228498"
"NYSE_BK","http://en.wikipedia.org/wiki/The_Bank_of_New_York_Mellon_Corp.","The Bank of New York Mellon","5","257973","126953818.0","0.0638569604087","0.0638569604087"
"NYSE_BCR","http://en.wikipedia.org/wiki/Bard_(C.R.)_Inc.","C. R. Bard","0","0","14817205.0","0.000214695936879","0.000214695936879"
"NYSE_BXLT","http://en.wikipedia.org/wiki/Baxalta","Baxalta","2","16791","71471223.0","0.0936210726753","0.0936210726753"
"NYSE_BAX","http://en.wikipedia.org/wiki/Baxter_International_Inc.","Baxter International","22","668276","137865113.0","0.138203957382","0.138203957382"
"NYSE_BBT","http://en.wikipedia.org/wiki/BB&T_Corporation","BB&T","1","16195","93772565.0","0.0435393258427","0.0435393258427"
"NYSE_BDX","http://en.wikipedia.org/wiki/Becton_Dickinson","Becton Dickinson","0","0","19070624.0","0.0743253429821","0.0743253429821"
"NASDAQ_BBBY","http://en.wikipedia.org/wiki/Bed_Bath_&_Beyond","Bed Bath & Beyond","1","7921","45521928.0","0.0457734128376","0.0457734128376"
"NYSE_BBY","http://en.wikipedia.org/wiki/Best_Buy_Co._Inc.","Best Buy","13","605159","72402520.0","-0.0563038793103","0.0563038793103"
"NASDAQ_BIIB","http://en.wikipedia.org/wiki/BIOGEN_IDEC_Inc.","Biogen","7","135106","81455123.0","-0.000480868310778","0.000480868310778"
"NYSE_BLK","http://en.wikipedia.org/wiki/BlackRock","BlackRock","11","158911","17556479.0","0.183211752446","0.183211752446"
"NYSE_HRB","http://en.wikipedia.org/wiki/Block_H&R","H&R Block","0","0","82280773.0","0.0292817679558","0.0292817679558"
"NYSE_BA","http://en.wikipedia.org/wiki/Boeing_Company","Boeing","14","1161690","91603642.0","0.13073692249","0.13073692249"
"NYSE_BWA","http://en.wikipedia.org/wiki/BorgWarner","BorgWarner","5","112582","61376784.0","0.0295744169271","0.0295744169271"
"NYSE_BXP","http://en.wikipedia.org/wiki/Boston_Properties","Boston Properties","4","15093","18870199.0","0.0629222972973","0.0629222972973"
"NYSE_BSX","http://en.wikipedia.org/wiki/Boston_Scientific","Boston Scientific","1","8124","231046197.0","0.113954905545","0.113954905545"
"NYSE_BMY","http://en.wikipedia.org/wiki/Bristol-Myers_Squibb","Bristol-Myers Squibb","2","54064","162787851.0","0.11402027027","0.11402027027"
"NASDAQ_BRCM","http://en.wikipedia.org/wiki/Broadcom_Corporation","Broadcom","4","112331","114191942.0","-0.00058331713008","0.00058331713008"
"NASDAQ_CHRW","http://en.wikipedia.org/wiki/C._H._Robinson_Worldwide","C. H. Robinson","2","45380","33376422.0","0.02436143511","0.02436143511"
"NASDAQ_CA","http://en.wikipedia.org/wiki/CA","CA","11","53766","63329714.0","0.014652014652","0.014652014652"
"NYSE_CVC","http://en.wikipedia.org/wiki/Cablevision","Cablevision","0","0","89784593.0","0.00369571912535","0.00369571912535"
"NYSE_COG","http://en.wikipedia.org/wiki/Cabot_Oil_&_Gas","Cabot Oil & Gas","0","0","154232969.0","-0.00686184812443","0.00686184812443"
"NYSE_CAM","http://en.wikipedia.org/wiki/Cameron_International_Corp.","Cameron International","0","0","53694466.0","0.109099804305","0.109099804305"
"NYSE_CPB","http://en.wikipedia.org/wiki/Campbell_Soup","Campbell Soup Company","5","118493","36011651.0","0.00217048145225","0.00217048145225"
"NYSE_COF","http://en.wikipedia.org/wiki/Capital_One_Financial","Capital One","4","155762","62358702.0","0.0879757308329","0.0879757308329"
"NYSE_CAH","http://en.wikipedia.org/wiki/Cardinal_Health_Inc.","Cardinal Health","3","54465","54948056.0","0.0700338453528","0.0700338453528"
"NASDAQ_HSIC","http://en.wikipedia.org/wiki/Henry_Schein","Henry Schein","0","0","10264325.0","0.14308318264","0.14308318264"
"NYSE_KMX","http://en.wikipedia.org/wiki/Carmax_Inc","CarMax","6","39282","41747669.0","-0.0052258934592","0.0052258934592"
"NYSE_CCL","http://en.wikipedia.org/wiki/Carnival_Corp.","Carnival Corporation & plc","10","269740","86528979.0","0.0881287726358","0.0881287726358"
"NYSE_CAT","http://en.wikipedia.org/wiki/Caterpillar_Inc.","Caterpillar Inc.","4","333408","156438362.0","0.116738066095","0.116738066095"
"NYSE_CBG","http://en.wikipedia.org/wiki/CBRE_Group","CBRE Group","0","0","56341319.0","0.165","0.165"
"NYSE_CBS","http://en.wikipedia.org/wiki/CBS_Corp.","CBS Corporation","4","84039","141822278.0","0.165914786967","0.165914786967"
"NASDAQ_CELG","http://en.wikipedia.org/wiki/Celgene_Corp.","Celgene","1","17003","115982733.0","0.134837695367","0.134837695367"
"NYSE_CNP","http://en.wikipedia.org/wiki/CenterPoint_Energy","CenterPoint Energy","0","0","89698674.0","0.0282705099778","0.0282705099778"
"NYSE_CTL","http://en.wikipedia.org/wiki/CenturyLink_Inc","CenturyLink","6","242549","85183502.0","0.12300955414","0.12300955414"
"NASDAQ_CERN","http://en.wikipedia.org/wiki/Cerner","Cerner","0","0","41610809.0","0.106123811113","0.106123811113"
"NYSE_CF","http://en.wikipedia.org/wiki/CF_Industries_Holdings_Inc","CF Industries","0","0","56194518.0","0.130734966592","0.130734966592"
"NYSE_SCHW","http://en.wikipedia.org/wiki/Charles_Schwab_Corporation","Charles Schwab Corporation","3","42130","228480597.0","0.0686274509804","0.0686274509804"
"NYSE_CHK","http://en.wikipedia.org/wiki/Chesapeake_Energy","Chesapeake Energy","0","0","394553655.0","-0.0272851296044","0.0272851296044"
"NYSE_CVX","http://en.wikipedia.org/wiki/Chevron_Corp.","Chevron Corporation","9","752952","223262566.0","0.152129817444","0.152129817444"
"NYSE_CMG","http://en.wikipedia.org/wiki/Chipotle_Mexican_Grill","Chipotle Mexican Grill","29","2532572","13686888.0","-0.111100312392","0.111100312392"
"NYSE_CB","http://en.wikipedia.org/wiki/Chubb_Corp.","Chubb Corp.","0","0","27173958.0","0.0546269873624","0.0546269873624"
"NYSE_CI","http://en.wikipedia.org/wiki/CIGNA_Corp.","Cigna","31","589664","39005193.0","-0.00725818397274","0.00725818397274"
"NYSE_XEC","http://en.wikipedia.org/wiki/Cimarex_Energy","Cimarex Energy","0","0","29027608.0","0.152029664325","0.152029664325"
"NASDAQ_CINF","http://en.wikipedia.org/wiki/Cincinnati_Financial","Cincinnati Financial","1","3789","13649536.0","0.119516728625","0.119516728625"
"NASDAQ_CTAS","http://en.wikipedia.org/wiki/Cintas_Corporation","Cintas","1","20195","13724944.0","0.0855976676385","0.0855976676385"
"NASDAQ_CSCO","http://en.wikipedia.org/wiki/Cisco_Systems","Cisco Systems","24","1540012","497507217.0","0.0992570013336","0.0992570013336"
"NYSE_C","http://en.wikipedia.org/wiki/Citigroup_Inc.","Citigroup","6","651512","388258915.0","0.0717597258617","0.0717597258617"
"NASDAQ_CTXS","http://en.wikipedia.org/wiki/Citrix_Systems","Citrix Systems","10","430576","39499351.0","0.185046189376","0.185046189376"
"NYSE_CLX","http://en.wikipedia.org/wiki/The_Clorox_Company","Clorox","2","48439","21257189.0","0.0554834242188","0.0554834242188"
"NASDAQ_CME","http://en.wikipedia.org/wiki/CME_Group_Inc.","CME Group","0","0","30723581.0","0.0186543023507","0.0186543023507"
"NYSE_CMS","http://en.wikipedia.org/wiki/CMS_Energy","CMS Energy","0","0","48432403.0","0.0212344280861","0.0212344280861"
"NYSE_COH","http://en.wikipedia.org/wiki/Coach_Inc.","Coach, Inc.","3","52890","96338071.0","0.0784652609748","0.0784652609748"
"NYSE_KO","http://en.wikipedia.org/wiki/The_Coca_Cola_Company","The Coca-Cola Company","17","621498","363625719.0","0.0555832502493","0.0555832502493"
"NYSE_CCE","http://en.wikipedia.org/wiki/Coca-Cola_Enterprises","Coca-Cola Enterprises","0","0","39357116.0","0.0618407445708","0.0618407445708"
"NASDAQ_CTSH","http://en.wikipedia.org/wiki/Cognizant_Technology_Solutions","Cognizant","14","472380","67882345.0","0.0883668903803","0.0883668903803"
"NYSE_CL","http://en.wikipedia.org/wiki/Colgate-Palmolive","Colgate-Palmolive","4","97606","71590545.0","0.0455404979515","0.0455404979515"
"NASDAQ_CMCSA","http://en.wikipedia.org/wiki/Comcast_A_Corp","Comcast","20","1586194","210440691.0","0.100914205345","0.100914205345"
"NASDAQ_CMCSK","http://en.wikipedia.org/wiki/Comcast_Special_Corp_Class_A","Comcast","20","1586194","53124665.0","0.0955625436758","0.0955625436758"
"NYSE_CMA","http://en.wikipedia.org/wiki/Comerica_Inc.","Comerica","1","10094","56747194.0","0.0559610705596","0.0559610705596"
"NYSE_CSC","http://en.wikipedia.org/wiki/Computer_Sciences_Corp.","Computer Sciences Corporation","8","129367","20729817.0","0.084881068752","0.084881068752"
"NYSE_CAG","http://en.wikipedia.org/wiki/ConAgra_Foods_Inc.","ConAgra Foods","13","379049","66523762.0","0.000987410515922","0.000987410515922"
"NYSE_COP","http://en.wikipedia.org/wiki/ConocoPhillips","ConocoPhillips","2","32428","193654631.0","0.112385321101","0.112385321101"
"NYSE_CNX","http://en.wikipedia.org/wiki/CONSOL_Energy_Inc.","Consol Energy","0","0","205376005.0","-0.320408163265","0.320408163265"
"NYSE_ED","http://en.wikipedia.org/wiki/Consolidated_Edison","Consolidated Edison","1","22676","41893191.0","-0.016454749439","0.016454749439"
"NYSE_STZ","http://en.wikipedia.org/wiki/Constellation_Brands","Constellation Brands","1","8771","26737671.0","0.0765913265714","0.0765913265714"
"NYSE_GLW","http://en.wikipedia.org/wiki/Corning_Inc.","Corning Inc.","2","43235","305832579.0","0.0864485981308","0.0864485981308"
"NASDAQ_COST","http://en.wikipedia.org/wiki/Costco_Co.","Costco","26","1496811","45615965.0","0.0938775510204","0.0938775510204"
"NYSE_CCI","http://en.wikipedia.org/wiki/Crown_Castle_International_Corp.","Crown Castle International Corp.","0","0","46713331.0","0.0835552174464","0.0835552174464"
"NYSE_CSX","http://en.wikipedia.org/wiki/CSX_Corp.","CSX Corporation","0","0","171166120.0","0.00334572490706","0.00334572490706"
"NYSE_CMI","http://en.wikipedia.org/wiki/Cummins_Inc.","Cummins","2","28713","56002708.0","-0.0466936820777","0.0466936820777"
"NYSE_CVS","http://en.wikipedia.org/wiki/CVS_Caremark_Corp.","CVS Health","12","540531","128458407.0","0.0238391376451","0.0238391376451"
"NYSE_DHI","http://en.wikipedia.org/wiki/D._R._Horton","D. R. Horton","0","0","128427848.0","0.00272479564033","0.00272479564033"
"NYSE_DHR","http://en.wikipedia.org/wiki/Danaher_Corp.","Danaher Corporation","6","82685","71998782.0","0.0950592653444","0.0950592653444"
"NYSE_DRI","http://en.wikipedia.org/wiki/Darden_Restaurants","Darden Restaurants","9","225945","37483580.0","-0.0970236358331","0.0970236358331"
"NYSE_DVA","http://en.wikipedia.org/wiki/DaVita_Inc.","DaVita","0","0","19298625.0","0.0716162035117","0.0716162035117"
"NYSE_DE","http://en.wikipedia.org/wiki/Deere_&_Co.","John Deere","24","605276","82514803.0","0.0540540540541","0.0540540540541"
"NYSE_DLPH","http://en.wikipedia.org/wiki/Delphi_Automotive","Delphi Automotive","0","0","48555740.0","0.0940294581799","0.0940294581799"
"NYSE_DAL","http://en.wikipedia.org/wiki/Delta_Air_Lines","Delta Air Lines","39","4192090","210244592.0","0.133051036327","0.133051036327"
"NASDAQ_XRAY","http://en.wikipedia.org/wiki/Dentsply_International","Dentsply","0","0","35890271.0","0.203282578604","0.203282578604"
"NYSE_DVN","http://en.wikipedia.org/wiki/Devon_Energy_Corp.","Devon Energy","1","13387","111190162.0","0.130493394446","0.130493394446"
"NYSE_DO","http://en.wikipedia.org/wiki/Diamond_Offshore_Drilling","Diamond Offshore Drilling","0","0","62860316.0","0.149132947977","0.149132947977"
"NYSE_DFS","http://en.wikipedia.org/wiki/Discover_Financial","Discover Financial","2","16893","75339551.0","0.0813618003462","0.0813618003462"
"NASDAQ_DISCA","http://en.wikipedia.org/wiki/Discovery_Communications-A","Discovery Communications","11","369437","61991670.0","0.131872356786","0.131872356786"
"NASDAQ_DISCK","http://en.wikipedia.org/wiki/Discovery_Communications-C","Discovery Communications","11","369437","26039534.0","0.132976533553","0.132976533553"
"NYSE_DG","http://en.wikipedia.org/wiki/Dollar_General","Dollar General","3","60678","98499101.0","-0.0644671452236","0.0644671452236"
"NASDAQ_DLTR","http://en.wikipedia.org/wiki/Dollar_Tree","Dollar Tree","0","0","76242672.0","-0.0175517551755","0.0175517551755"
"NYSE_D","http://en.wikipedia.org/wiki/Dominion_Resources","Dominion Resources","1","25992","51107433.0","0.0149190110827","0.0149190110827"
"NYSE_DOV","http://en.wikipedia.org/wiki/Dover_Corp.","Dover Corporation","1","8036","43723395.0","0.12679258482","0.12679258482"
"NYSE_DOW","http://en.wikipedia.org/wiki/Dow_Chemical","Dow Chemical Company","7","445311","336159500.0","0.218632075472","0.218632075472"
"NYSE_DPS","http://en.wikipedia.org/wiki/Dr_Pepper_Snapple_Group","Dr Pepper Snapple Group","0","0","27816475.0","0.13055028463","0.13055028463"
"NYSE_DTE","http://en.wikipedia.org/wiki/DTE_Energy_Co.","DTE Energy","0","0","18883247.0","0.0151797934553","0.0151797934553"
"NYSE_DD","http://en.wikipedia.org/wiki/Du_Pont_(E.I.)","DuPont","7","275409","166307267.0","0.315352697095","0.315352697095"
"NYSE_DUK","http://en.wikipedia.org/wiki/Duke_Energy","Duke Energy","1","29120","65092279.0","-0.00653322212955","0.00653322212955"
"NYSE_DNB","http://en.wikipedia.org/wiki/Dun_&_Bradstreet","Dun & Bradstreet","4","55415","3484849.0","0.0844761904762","0.0844761904762"
"NASDAQ_ETFC","http://en.wikipedia.org/wiki/E*Trade","E-Trade","4","70647","65179078.0","0.0827952905431","0.0827952905431"
"NYSE_EMN","http://en.wikipedia.org/wiki/Eastman_Chemical","Eastman Chemical Company","0","0","29765246.0","0.115111248455","0.115111248455"
"NYSE_ETN","http://en.wikipedia.org/wiki/Eaton_Corporation","Eaton Corporation","4","78128","90698147.0","0.0898635477583","0.0898635477583"
"NASDAQ_EBAY","http://en.wikipedia.org/wiki/eBay_Inc.","eBay","29","2259343","342910179.0","0.141571194763","0.141571194763"
"NYSE_ECL","http://en.wikipedia.org/wiki/Ecolab_Inc.","Ecolab","0","0","32248779.0","0.0968829748451","0.0968829748451"
"NYSE_EIX","http://en.wikipedia.org/wiki/Edison_Int'l","Edison International","0","0","48944342.0","-0.0404312668464","0.0404312668464"
"NYSE_EW","http://en.wikipedia.org/wiki/Edwards_Lifesciences","Edwards Lifesciences","1","6397","34177303.0","0.105366814377","0.105366814377"
"NASDAQ_EA","http://en.wikipedia.org/wiki/Electronic_Arts","Electronic Arts","46","4246280","73892981.0","0.0637638376384","0.0637638376384"
"NYSE_EMC","http://en.wikipedia.org/wiki/EMC_Corp.","EMC Corporation","58","2322952","680157381.0","0.0852649006623","0.0852649006623"
"NYSE_EMR","http://en.wikipedia.org/wiki/Emerson_Electric_Company","Emerson Electric","0","0","98244679.0","0.0692777903554","0.0692777903554"
"NASDAQ_ENDP","http://en.wikipedia.org/wiki/Endo_International","Endo International","0","0","135505738.0","-0.134093533487","0.134093533487"
"NYSE_ESV","http://en.wikipedia.org/wiki/Ensco_plc","Ensco plc","0","0","152207231.0","0.181107954545","0.181107954545"
"NYSE_ETR","http://en.wikipedia.org/wiki/Entergy_Corp.","Entergy","1","11223","26856499.0","0.0470046082949","0.0470046082949"
"NYSE_EOG","http://en.wikipedia.org/wiki/EOG_Resources","EOG Resources","0","0","100416251.0","0.179258241758","0.179258241758"
"NYSE_EQT","http://en.wikipedia.org/wiki/EQT_Corporation","EQT","0","0","43033461.0","0.0200710205342","0.0200710205342"
"NYSE_EFX","http://en.wikipedia.org/wiki/Equifax_Inc.","Equifax","1","14154","15883010.0","0.0966248199218","0.0966248199218"
"NASDAQ_EQIX","http://en.wikipedia.org/wiki/Equinix","Equinix","1","22490","17720345.0","0.0851499634236","0.0851499634236"
"NYSE_EQR","http://en.wikipedia.org/wiki/Equity_Residential","Equity Residential","0","0","36380956.0","0.0292864749734","0.0292864749734"
"NYSE_ES","http://en.wikipedia.org/wiki/Eversource_Energy","Eversource Energy","0","0","27347689.0","0.00632161201106","0.00632161201106"
"NYSE_EXC","http://en.wikipedia.org/wiki/Exelon_Corp.","Exelon","10","168055","177653683.0","-0.0599326599327","0.0599326599327"
"NASDAQ_EXPE","http://en.wikipedia.org/wiki/Expedia_Inc.","Expedia, Inc.","6","113776","48212906.0","0.158225696805","0.158225696805"
"NASDAQ_EXPD","http://en.wikipedia.org/wiki/Expeditors_Int'l","Expeditors International","3","12498","32912420.0","0.0582359192349","0.0582359192349"
"NASDAQ_ESRX","http://en.wikipedia.org/wiki/Express_Scripts","Express Scripts","5","78047","89086794.0","0.0681340422901","0.0681340422901"
"NYSE_XOM","http://en.wikipedia.org/wiki/Exxon_Mobil_Corp.","ExxonMobil","81","7703027","313305221.0","0.112844653665","0.112844653665"
"NASDAQ_FFIV","http://en.wikipedia.org/wiki/F5_Networks","F5 Networks","3","56390","27833674.0","-0.0483592400691","0.0483592400691"
"NASDAQ_FB","http://en.wikipedia.org/wiki/Facebook","Facebook","8","1471747","563862384.0","0.136743564025","0.136743564025"
"NASDAQ_FAST","http://en.wikipedia.org/wiki/Fastenal_Co","Fastenal","0","0","70524980.0","0.0696531002458","0.0696531002458"
"NYSE_FDX","http://en.wikipedia.org/wiki/FedEx_Corporation","FedEx","1","30567","34820055.0","0.0838310876511","0.0838310876511"
"NYSE_FIS","http://en.wikipedia.org/wiki/Fidelity_National_Information_Services","FIS (company)","4","27071","25692259.0","0.0870602265951","0.0870602265951"
"NASDAQ_FITB","http://en.wikipedia.org/wiki/Fifth_Third_Bancorp","Fifth Third Bank","1","15809","183002410.0","0.00740349021682","0.00740349021682"
"NASDAQ_FSLR","http://en.wikipedia.org/wiki/First_Solar_Inc","First Solar","0","0","38935509.0","0.334970760234","0.334970760234"
"NYSE_FE","http://en.wikipedia.org/wiki/FirstEnergy_Corp","FirstEnergy","1","22125","76745480.0","-0.00351325455126","0.00351325455126"
"NASDAQ_FISV","http://en.wikipedia.org/wiki/Fiserv_Inc","Fiserv","0","0","25276375.0","0.114305507447","0.114305507447"
"NASDAQ_FLIR","http://en.wikipedia.org/wiki/FLIR_Systems","FLIR Systems","1","14176","25256045.0","-0.0471596998928","0.0471596998928"
"NYSE_FLS","http://en.wikipedia.org/wiki/Flowserve_Corporation","Flowserve","3","36705","48839221.0","0.126883811376","0.126883811376"
"NYSE_FLR","http://en.wikipedia.org/wiki/Fluor_Corp.","Fluor Corporation","0","0","35380258.0","0.128925619835","0.128925619835"
"NYSE_FMC","http://en.wikipedia.org/wiki/FMC_Corporation","FMC Corporation","3","43532","49421870.0","0.200530816868","0.200530816868"
"NYSE_FTI","http://en.wikipedia.org/wiki/FMC_Technologies_Inc.","FMC Technologies","0","0","87635886.0","0.0912903225806","0.0912903225806"
"NYSE_F","http://en.wikipedia.org/wiki/Ford_Motor","Ford Motor Company","14","1681305","659047791.0","0.0913780397937","0.0913780397937"
"NASDAQ_FOSL","http://en.wikipedia.org/wiki/Fossil","Fossil","8","557099","20346951.0","-0.0263063707946","0.0263063707946"
"NYSE_BEN","http://en.wikipedia.org/wiki/Franklin_Resources","Franklin Templeton Investments","1","13120","94639124.0","0.0939345142244","0.0939345142244"
"NYSE_FCX","http://en.wikipedia.org/wiki/Freeport-McMoran_Cp_&_Gld","Freeport-McMoRan","1","21388","746073986.0","0.214654282766","0.214654282766"
"NASDAQ_FTR","http://en.wikipedia.org/wiki/Frontier_Communications","Frontier Communications","2","47045","299286251.0","0.0821052631579","0.0821052631579"
"NYSE_GME","http://en.wikipedia.org/wiki/GameStop_Corp.","GameStop","13","338269","27055486.0","0.117932540645","0.117932540645"
"NYSE_GPS","http://en.wikipedia.org/wiki/Gap_(The)","Gap Inc.","11","392074","122840418.0","-0.0449122807018","0.0449122807018"
"NASDAQ_GRMN","http://en.wikipedia.org/wiki/Garmin_Ltd.","Garmin","3","94465","33719863.0","-0.0114269788183","0.0114269788183"
"NYSE_GD","http://en.wikipedia.org/wiki/General_Dynamics","General Dynamics","3","103551","28101564.0","0.0770569046756","0.0770569046756"
"NYSE_GE","http://en.wikipedia.org/wiki/General_Electric","General Electric","18","1214447","1458387820.0","0.146708961142","0.146708961142"
"NYSE_GGP","http://en.wikipedia.org/wiki/General_Growth_Properties_Inc.","General Growth Properties","1","12554","89579483.0","0.114747785907","0.114747785907"
"NYSE_GIS","http://en.wikipedia.org/wiki/General_Mills","General Mills","4","140009","64553594.0","0.0352752538749","0.0352752538749"
"NYSE_GM","http://en.wikipedia.org/wiki/General_Motors","General Motors","20","2175584","320018376.0","0.16289140573","0.16289140573"
"NYSE_GPC","http://en.wikipedia.org/wiki/Genuine_Parts","Genuine Parts Company","2","13187","21203991.0","0.0949451079744","0.0949451079744"
"NASDAQ_GILD","http://en.wikipedia.org/wiki/Gilead_Sciences","Gilead Sciences","10","401505","268446804.0","0.104043291811","0.104043291811"
"NYSE_GS","http://en.wikipedia.org/wiki/Goldman_Sachs_Group","Goldman Sachs","5","877676","68048799.0","0.0790745856354","0.0790745856354"
"NASDAQ_GT","http://en.wikipedia.org/wiki/Goodyear_Tire_&_Rubber","Goodyear Tire and Rubber Company","3","111032","70134046.0","0.119672690078","0.119672690078"
"NYSE_GWW","http://en.wikipedia.org/wiki/Grainger_(W.W.)_Inc.","W. W. Grainger","1","14680","22146698.0","-0.0233012418027","0.0233012418027"
"NYSE_HAL","http://en.wikipedia.org/wiki/Halliburton_Co.","Halliburton","10","557169","264645560.0","0.0857142857143","0.0857142857143"
"NYSE_HBI","http://en.wikipedia.org/wiki/Hanesbrands_Inc","Hanesbrands","0","0","104253541.0","0.103662750518","0.103662750518"
"NYSE_HOG","http://en.wikipedia.org/wiki/Harley-Davidson","Harley-Davidson","9","956077","117667012.0","-0.0992714025501","0.0992714025501"
"NYSE_HAR","http://en.wikipedia.org/wiki/Harman_Int'l_Industries","Harman International Industries","7","60604","18037063.0","0.145535993333","0.145535993333"
"NYSE_HRS","http://en.wikipedia.org/wiki/Harris_Corporation","Harris Corporation","2","63988","18458114.0","0.0817498291183","0.0817498291183"
"NYSE_HIG","http://en.wikipedia.org/wiki/Hartford_Financial_Svc.Gp.","The Hartford","2","12896","70413356.0","0.0104849279161","0.0104849279161"
"NASDAQ_HAS","http://en.wikipedia.org/wiki/Hasbro_Inc.","Hasbro","3","100814","34004731.0","0.0650124757416","0.0650124757416"
"NYSE_HCA","http://en.wikipedia.org/wiki/HCA_Holdings","Hospital Corporation of America","4","54566","121453500.0","-0.110780765253","0.110780765253"
"NYSE_HCP","http://en.wikipedia.org/wiki/HCP_Inc.","HCP, Inc.","1","2061","62149188.0","-0.00134228187919","0.00134228187919"
"NYSE_HP","http://en.wikipedia.org/wiki/Helmerich_&_Payne","Helmerich & Payne","0","0","55754594.0","0.190647482014","0.190647482014"
"NYSE_HES","http://en.wikipedia.org/wiki/Hess_Corporation","Hess Corporation","14","388506","73672730.0","0.122852576908","0.122852576908"
"NYSE_HD","http://en.wikipedia.org/wiki/Home_Depot","The Home Depot","10","507270","96351314.0","0.0705688804225","0.0705688804225"
"NYSE_HON","http://en.wikipedia.org/wiki/Honeywell_Int'l_Inc.","Honeywell","16","799955","85930982.0","0.0907170767769","0.0907170767769"
"NYSE_HRL","http://en.wikipedia.org/wiki/Hormel_Foods_Corp.","Hormel","1","49214","24463255.0","0.0669720423314","0.0669720423314"
"NYSE_HST","http://en.wikipedia.org/wiki/Host_Hotels_&_Resorts","Host Hotels & Resorts","0","0","240556146.0","0.0961416824794","0.0961416824794"
"NYSE_HPQ","http://en.wikipedia.org/wiki/HP_Inc.","HP Inc.","0","0","285556461.0","0.0527137836783","0.0527137836783"
"NYSE_HUM","http://en.wikipedia.org/wiki/Humana_Inc.","Humana","2","37498","28689511.0","-0.00206703910615","0.00206703910615"
"NASDAQ_HBAN","http://en.wikipedia.org/wiki/Huntington_Bancshares","Huntington Bancshares","1","14625","195208882.0","0.0349056603774","0.0349056603774"
"NYSE_ITW","http://en.wikipedia.org/wiki/Illinois_Tool_Works","Illinois Tool Works","3","52213","36793880.0","0.116996719718","0.116996719718"
"NASDAQ_ILMN","http://en.wikipedia.org/wiki/Illumina_(company)","Illumina (company)","5","58085","59998457.0","-0.185909090909","0.185909090909"
"NYSE_IR","http://en.wikipedia.org/wiki/Ingersoll-Rand_PLC","Ingersoll Rand","0","0","66317512.0","0.167224739019","0.167224739019"
"NASDAQ_INTC","http://en.wikipedia.org/wiki/Intel_Corp.","Intel","21","3209204","686421172.0","0.124356632907","0.124356632907"
"NYSE_ICE","http://en.wikipedia.org/wiki/Intercontinental_Exchange","Intercontinental Exchange","10","209258","15545317.0","0.0740882590749","0.0740882590749"
"NYSE_IBM","http://en.wikipedia.org/wiki/International_Bus._Machines","IBM","28","1987680","118277998.0","-0.0337311167828","0.0337311167828"
"NYSE_IP","http://en.wikipedia.org/wiki/International_Paper","International Paper","0","0","73528142.0","0.129663932257","0.129663932257"
"NYSE_IPG","http://en.wikipedia.org/wiki/Interpublic_Group","Interpublic Group of Companies","1","8579","88566779.0","0.198640878202","0.198640878202"
"NYSE_IFF","http://en.wikipedia.org/wiki/Intl_Flavors_&_Fragrances","International Flavors & Fragrances","2","14222","8177675.0","0.123958938602","0.123958938602"
"NASDAQ_INTU","http://en.wikipedia.org/wiki/Intuit_Inc.","Intuit","0","0","33870986.0","0.0990411731528","0.0990411731528"
"NASDAQ_ISRG","http://en.wikipedia.org/wiki/Intuitive_Surgical_Inc.","Intuitive Surgical","1","14940","8888203.0","0.0812811635857","0.0812811635857"
"NYSE_IVZ","http://en.wikipedia.org/wiki/Invesco_Ltd.","Invesco","0","0","80485035.0","0.0621197566443","0.0621197566443"
"NYSE_IRM","http://en.wikipedia.org/wiki/Iron_Mountain_Incorporated","Iron Mountain Incorporated","1","23205","45266507.0","-0.0122501611863","0.0122501611863"
"NYSE_JEC","http://en.wikipedia.org/wiki/Jacobs_Engineering_Group","Jacobs Engineering Group","0","0","26733183.0","0.0724018167246","0.0724018167246"
"NASDAQ_JBHT","http://en.wikipedia.org/wiki/J._B._Hunt_Transport_Services","J. B. Hunt","1","4506","22472326.0","0.0696078431373","0.0696078431373"
"NYSE_JNJ","http://en.wikipedia.org/wiki/Johnson_&_Johnson","Johnson & Johnson","17","707783","189733870.0","0.0822710230316","0.0822710230316"
"NYSE_JCI","http://en.wikipedia.org/wiki/Johnson_Controls","Johnson Controls","4","132650","68197219.0","0.0923597678917","0.0923597678917"
"NYSE_JPM","http://en.wikipedia.org/wiki/JPMorgan_Chase_&_Co.","JPMorgan Chase","4","351540","330303426.0","0.0537969493193","0.0537969493193"
"NYSE_JNPR","http://en.wikipedia.org/wiki/Juniper_Networks","Juniper Networks","2","122126","140530043.0","0.220925709841","0.220925709841"
"NYSE_KSU","http://en.wikipedia.org/wiki/Kansas_City_Southern","Kansas City Southern (company)","0","0","47453468.0","-0.0893485915493","0.0893485915493"
"NYSE_K","http://en.wikipedia.org/wiki/Kellogg_Co.","Kellogg's","12","509217","37496615.0","0.0596543951916","0.0596543951916"
"NYSE_KEY","http://en.wikipedia.org/wiki/KeyCorp","KeyBank","0","0","320175586.0","-0.0453497309762","0.0453497309762"
"NASDAQ_GMCR","http://en.wikipedia.org/wiki/Keurig_Green_Mountain","Keurig Green Mountain","7","363567","50235461.0","-0.0266589950134","0.0266589950134"
"NYSE_KMB","http://en.wikipedia.org/wiki/Kimberly-Clark","Kimberly-Clark","0","0","36540026.0","0.0978539985326","0.0978539985326"
"NYSE_KIM","http://en.wikipedia.org/wiki/Kimco_Realty","Kimco Realty","1","5184","72927208.0","0.0957838722882","0.0957838722882"
"NYSE_KMI","http://en.wikipedia.org/wiki/Kinder_Morgan","Kinder Morgan","0","0","393961957.0","-0.0119219653179","0.0119219653179"
"NASDAQ_KLAC","http://en.wikipedia.org/wiki/KLA-Tencor_Corp.","KLA-Tencor","4","45262","81879224.0","0.342668533707","0.342668533707"
"NYSE_KSS","http://en.wikipedia.org/wiki/Kohl's_Corp.","Kohl's","0","0","67115865.0","-0.00410278557547","0.00410278557547"
"NASDAQ_KHC","http://en.wikipedia.org/wiki/Kraft_Heinz","Kraft Heinz","10","62976","55376360.0","0.105330309045","0.105330309045"
"NYSE_KR","http://en.wikipedia.org/wiki/Kroger_Co.","Kroger","8","421399","157901056.0","0.0479622955365","0.0479622955365"
"NYSE_LB","http://en.wikipedia.org/wiki/L_Brands_Inc.","L Brands","3","23633","31308996.0","0.0649062465328","0.0649062465328"
"NYSE_LLL","http://en.wikipedia.org/wiki/L-3_Communications_Holdings","L-3 Communications","0","0","13931417.0","0.209337925756","0.209337925756"
"NYSE_LH","http://en.wikipedia.org/wiki/Laboratory_Corp._of_America_Holding","LabCorp","0","0","27747473.0","0.131557112566","0.131557112566"
"NASDAQ_LRCX","http://en.wikipedia.org/wiki/Lam_Research","Lam Research","0","0","78428788.0","0.172355732435","0.172355732435"
"NYSE_LM","http://en.wikipedia.org/wiki/Legg_Mason","Legg Mason","4","33752","26806535.0","0.0754626291757","0.0754626291757"
"NYSE_LEG","http://en.wikipedia.org/wiki/Leggett_&_Platt","Leggett & Platt","0","0","21081429.0","0.0916363636364","0.0916363636364"
"NYSE_LEN","http://en.wikipedia.org/wiki/Lennar_Corp.","Lennar Corporation","7","124348","52833526.0","0.0403075005194","0.0403075005194"
"NYSE_LVLT","http://en.wikipedia.org/wiki/Level_3_Communications","Level 3 Communications","0","0","53381151.0","0.166170748455","0.166170748455"
"NYSE_LUK","http://en.wikipedia.org/wiki/Leucadia_National_Corp.","Leucadia National","0","0","41110980.0","-0.0123395853899","0.0123395853899"
"NYSE_LLY","http://en.wikipedia.org/wiki/Lilly_(Eli)_&_Co.","Eli Lilly and Company","11","817578","156585105.0","-0.025331580834","0.025331580834"
"NYSE_LNC","http://en.wikipedia.org/wiki/Lincoln_National","Lincoln National Corporation","0","0","41550970.0","0.127475769069","0.127475769069"
"NASDAQ_LLTC","http://en.wikipedia.org/wiki/Linear_Technology_Corp.","Linear Technology","0","0","85848141.0","0.101028883104","0.101028883104"
"NYSE_LMT","http://en.wikipedia.org/wiki/Lockheed_Martin_Corp.","Lockheed Martin","8","333706","30412114.0","0.0603926486904","0.0603926486904"
"NYSE_L","http://en.wikipedia.org/wiki/Loews_Corp.","Loews Corporation","3","34120","44663240.0","0.00885445489762","0.00885445489762"
"NYSE_LOW","http://en.wikipedia.org/wiki/Lowe's_Cos.","Lowe's","1","29114","84628323.0","0.071242019733","0.071242019733"
"NYSE_LYB","http://en.wikipedia.org/wiki/LyondellBasell","LyondellBasell","0","0","93407249.0","0.114563339731","0.114563339731"
"NYSE_MTB","http://en.wikipedia.org/wiki/M&T_Bank_Corp.","M&T Bank","0","0","37962479.0","-0.0172201722017","0.0172201722017"
"NYSE_MAC","http://en.wikipedia.org/wiki/Macerich","Macerich","0","0","21426878.0","0.103098151523","0.103098151523"
"NYSE_M","http://en.wikipedia.org/wiki/Macy's_Inc.","Macy's, Inc.","4","92628","102213664.0","-0.0066250974279","0.0066250974279"
"NYSE_MNK","http://en.wikipedia.org/wiki/Mallinckrodt_Plc","Mallinckrodt","1","12570","72616163.0","0.0270566155771","0.0270566155771"
"NYSE_MRO","http://en.wikipedia.org/wiki/Marathon_Oil_Corp.","Marathon Oil","0","0","282236747.0","0.193506493506","0.193506493506"
"NYSE_MPC","http://en.wikipedia.org/wiki/Marathon_Petroleum","Marathon Petroleum","0","0","98855071.0","0.118066047917","0.118066047917"
"NASDAQ_MAR","http://en.wikipedia.org/wiki/Marriott_Int'l.","Marriott International","3","71644","62132450.0","0.125311446578","0.125311446578"
"NYSE_MMC","http://en.wikipedia.org/wiki/Marsh_&_McLennan","Marsh & McLennan Companies","0","0","46184157.0","0.0674071237074","0.0674071237074"
"NYSE_MLM","http://en.wikipedia.org/wiki/Martin_Marietta_Materials","Martin Marietta Materials","0","0","22810169.0","0.0210595590655","0.0210595590655"
"NYSE_MAS","http://en.wikipedia.org/wiki/Masco_Corp.","Masco","0","0","161302673.0","0.151707704527","0.151707704527"
"NYSE_MA","http://en.wikipedia.org/wiki/Mastercard_Inc.","MasterCard","12","550184","81946449.0","0.0984243231247","0.0984243231247"
"NASDAQ_MAT","http://en.wikipedia.org/wiki/Mattel_Inc.","Mattel","10","166452","141033334.0","0.167141500475","0.167141500475"
"NYSE_MKC","http://en.wikipedia.org/wiki/McCormick_&_Co.","McCormick & Company","0","0","17459189.0","0.02190313945","0.02190313945"
"NYSE_MCD","http://en.wikipedia.org/wiki/McDonald's_Corp.","McDonald's","12","741112","165659204.0","0.139246929869","0.139246929869"
"NYSE_MHFI","http://en.wikipedia.org/wiki/McGraw_Hill_Financial","McGraw Hill Financial","2","42365","24153197.0","0.0709826589595","0.0709826589595"
"NYSE_MCK","http://en.wikipedia.org/wiki/McKesson_Corp.","McKesson Corporation","1","12942","50334650.0","-0.0336702156407","0.0336702156407"
"NYSE_MJN","http://en.wikipedia.org/wiki/Mead_Johnson","Mead Johnson","0","0","78925061.0","0.164772727273","0.164772727273"
"NYSE_MDT","http://en.wikipedia.org/wiki/Medtronic_plc","Medtronic","1","27616","136514579.0","0.10427248282","0.10427248282"
"NYSE_MRK","http://en.wikipedia.org/wiki/Merck_&_Co.","Merck & Co.","13","607553","296384911.0","0.10670176149","0.10670176149"
"NYSE_MET","http://en.wikipedia.org/wiki/MetLife_Inc.","MetLife","3","195669","116230069.0","0.0685047720042","0.0685047720042"
"NYSE_KORS","http://en.wikipedia.org/wiki/Michael_Kors_Holdings","Michael Kors","6","92470","68695506.0","-0.0852272727273","0.0852272727273"
"NASDAQ_MCHP","http://en.wikipedia.org/wiki/Microchip_Technology","Microchip Technology","0","0","46737483.0","0.120677651427","0.120677651427"
"NASDAQ_MU","http://en.wikipedia.org/wiki/Micron_Technology","Micron Technology","2","28498","684433973.0","0.108288770053","0.108288770053"
"NASDAQ_MSFT","http://en.wikipedia.org/wiki/Microsoft_Corp.","Microsoft","29","2713491","832719095.0","0.191018099548","0.191018099548"
"NYSE_MHK","http://en.wikipedia.org/wiki/Mohawk_Industries","Mohawk Industries","0","0","17955203.0","0.0754166895869","0.0754166895869"
"NYSE_TAP","http://en.wikipedia.org/wiki/Molson_Coors_Brewing_Company","Molson Coors Brewing Company","0","0","68069277.0","0.0611900746808","0.0611900746808"
"NYSE_MON","http://en.wikipedia.org/wiki/Monsanto_Co.","Monsanto","20","2735731","82624700.0","0.0923365362081","0.0923365362081"
"NASDAQ_MNST","http://en.wikipedia.org/wiki/Monster_Beverage","Monster Beverage","2","22653","22261272.0","0.00873168565932","0.00873168565932"
"NYSE_MCO","http://en.wikipedia.org/wiki/Moody's_Corp","Moody's Corporation","0","0","20572609.0","-0.0207739307536","0.0207739307536"
"NYSE_MS","http://en.wikipedia.org/wiki/Morgan_Stanley","Morgan Stanley","3","150193","332478685.0","0.0466666666667","0.0466666666667"
"NYSE_MOS","http://en.wikipedia.org/wiki/The_Mosaic_Company","The Mosaic Company","1","9132","108278531.0","0.0861459337833","0.0861459337833"
"NYSE_MSI","http://en.wikipedia.org/wiki/Motorola_Solutions_Inc.","Motorola Solutions","2","15010","28581106.0","0.0232524129863","0.0232524129863"
"NYSE_MUR","http://en.wikipedia.org/wiki/Murphy_Oil","Murphy Oil","0","0","99023165.0","0.17479338843","0.17479338843"
"NASDAQ_MYL","http://en.wikipedia.org/wiki/Mylan_N.V.","Mylan","5","89510","193344739.0","0.0948596970449","0.0948596970449"
"NASDAQ_NDAQ","https://en.wikipedia.org/wiki/Nasdaq,_Inc.","Nasdaq, Inc.","1","8948","21338675.0","0.085505344084","0.085505344084"
"NYSE_NOV","http://en.wikipedia.org/wiki/National_Oilwell_Varco_Inc.","National Oilwell Varco","0","0","131949751.0","-0.000265604249668","0.000265604249668"
"NASDAQ_NAVI","http://en.wikipedia.org/wiki/Navient","Navient Corporation","2","5877","111903725.0","0.173487544484","0.173487544484"
"NASDAQ_NTAP","http://en.wikipedia.org/wiki/NetApp","NetApp","3","43440","64097083.0","0.148648648649","0.148648648649"
"NASDAQ_NFLX","http://en.wikipedia.org/wiki/Netflix_Inc.","Netflix","87","17130010","429533432.0","0.0497869043007","0.0497869043007"
"NYSE_NWL","http://en.wikipedia.org/wiki/Newell_Rubbermaid_Co.","Newell Rubbermaid","2","25027","46655088.0","0.0684966003526","0.0684966003526"
"NYSE_NFX","http://en.wikipedia.org/wiki/Newfield_Exploration_Co","Newfield Exploration","0","0","69235384.0","0.221580547112","0.221580547112"
"NYSE_NEM","http://en.wikipedia.org/wiki/Newmont_Mining_Corp._(Hldg._Co.)","Newmont Mining Corporation","2","82707","191937360.0","0.21095208463","0.21095208463"
"NASDAQ_NWSA","http://en.wikipedia.org/wiki/News_Corp._Class_A","News Corp","3","44694","73108629.0","0.22028526149","0.22028526149"
"NASDAQ_NWS","http://en.wikipedia.org/wiki/News_Corp._Class_B","News Corp","3","44694","22853780.0","0.208430913349","0.208430913349"
"NYSE_NEE","http://en.wikipedia.org/wiki/NextEra_Energy","NextEra Energy","1","6203","40495517.0","0.0523833931317","0.0523833931317"
"NYSE_NLSN","http://en.wikipedia.org/wiki/Nielsen_Holdings","Nielsen N.V.","4","76160","49008001.0","0.0683606926018","0.0683606926018"
"NYSE_NKE","http://en.wikipedia.org/wiki/Nike_(company)","Nike, Inc.","14","651299","87874045.0","0.0655444417338","0.0655444417338"
"NYSE_NI","http://en.wikipedia.org/wiki/NiSource_Inc.","NiSource","0","0","61806821.0","0.032884097035","0.032884097035"
"NYSE_NBL","http://en.wikipedia.org/wiki/Noble_Energy_Inc","Noble Energy","0","0","117473894.0","0.187541418158","0.187541418158"
"NYSE_JWN","http://en.wikipedia.org/wiki/Nordstrom","Nordstrom","5","141253","44432544.0","-0.0906428671036","0.0906428671036"
"NYSE_NSC","http://en.wikipedia.org/wiki/Norfolk_Southern_Corp.","Norfolk Southern Railway","5","238512","41048981.0","0.0475130890052","0.0475130890052"
"NASDAQ_NTRS","http://en.wikipedia.org/wiki/Northern_Trust_Corp.","Northern Trust","6","85184","31335224.0","0.032868672047","0.032868672047"
"NYSE_NOC","http://en.wikipedia.org/wiki/Northrop_Grumman_Corp.","Northrop Grumman","13","623114","28316701.0","0.131364868936","0.131364868936"
"NYSE_NRG","http://en.wikipedia.org/wiki/NRG_Energy","NRG Energy","0","0","160333853.0","-0.131986531987","0.131986531987"
"NYSE_NUE","http://en.wikipedia.org/wiki/Nucor_Corp.","Nucor","0","0","51593793.0","0.126498002663","0.126498002663"
"NASDAQ_NVDA","http://en.wikipedia.org/wiki/Nvidia_Corporation","Nvidia","5","132540","199180573.0","0.15137987013","0.15137987013"
"NASDAQ_ORLY","http://en.wikipedia.org/wiki/O'Reilly_Automotive","O'Reilly Automotive","3","29426","15375489.0","0.106234733512","0.106234733512"
"NYSE_OXY","http://en.wikipedia.org/wiki/Occidental_Petroleum","Occidental Petroleum","1","52946","107960592.0","0.126832955404","0.126832955404"
"NYSE_OMC","http://en.wikipedia.org/wiki/Omnicom_Group","Omnicom Group","3","33454","36215292.0","0.136874051593","0.136874051593"
"NYSE_OKE","http://en.wikipedia.org/wiki/ONEOK","ONEOK","0","0","46488882.0","0.0534161490683","0.0534161490683"
"NYSE_ORCL","http://en.wikipedia.org/wiki/Oracle_Corp.","Oracle Corporation","11","1115437","315079804.0","0.0753045404208","0.0753045404208"
"NYSE_OI","http://en.wikipedia.org/wiki/Owens-Illinois_Inc","Owens-Illinois","0","0","31992763.0","0.0400579150579","0.0400579150579"
"NASDAQ_PCAR","http://en.wikipedia.org/wiki/PACCAR_Inc.","Paccar","0","0","66992227.0","0.00958772770853","0.00958772770853"
"NYSE_PH","http://en.wikipedia.org/wiki/Parker-Hannifin","Parker Hannifin","0","0","37866956.0","0.0760534429599","0.0760534429599"
"NASDAQ_PDCO","http://en.wikipedia.org/wiki/Patterson_Companies","Patterson Companies","0","0","21709597.0","0.0959537572254","0.0959537572254"
"NASDAQ_PAYX","http://en.wikipedia.org/wiki/Paychex_Inc.","Paychex","0","0","54919614.0","0.082930925887","0.082930925887"
"NASDAQ_PYPL","http://en.wikipedia.org/wiki/PayPal","PayPal","18","1250227","193607103.0","0.160947317545","0.160947317545"
"NYSE_PNR","http://en.wikipedia.org/wiki/Pentair","Pentair","0","0","44471490.0","0.0956112852665","0.0956112852665"
"NASDAQ_PBCT","http://en.wikipedia.org/wiki/People's_United_Financial","People's United Financial","0","0","83311028.0","0.014631043257","0.014631043257"
"NYSE_POM","http://en.wikipedia.org/wiki/Pepco_Holdings_Inc.","Pepco Holdings","1","5448","55328936.0","0.0995045417011","0.0995045417011"
"NYSE_PEP","http://en.wikipedia.org/wiki/PepsiCo_Inc.","PepsiCo","15","1076318","109714502.0","0.0836691410392","0.0836691410392"
"NYSE_PKI","http://en.wikipedia.org/wiki/PerkinElmer","PerkinElmer","0","0","12141669.0","0.123585726719","0.123585726719"
"NYSE_PRGO","http://en.wikipedia.org/wiki/Perrigo","Perrigo","0","0","34303182.0","0.0029884911299","0.0029884911299"
"NYSE_PFE","http://en.wikipedia.org/wiki/Pfizer_Inc.","Pfizer","8","694750","672123628.0","0.0767271569564","0.0767271569564"
"NYSE_PCG","http://en.wikipedia.org/wiki/PG&E_Corp.","Pacific Gas and Electric Company","7","492605","68805938.0","0.0113636363636","0.0113636363636"
"NYSE_PM","http://en.wikipedia.org/wiki/Philip_Morris_International","Philip Morris International","2","51969","90381573.0","0.11433253498","0.11433253498"
"NYSE_PSX","http://en.wikipedia.org/wiki/Phillips_66","Phillips 66","3","51661","68919672.0","0.158901613743","0.158901613743"
"NYSE_PNW","http://en.wikipedia.org/wiki/Pinnacle_West_Capital","Arizona Public Service","1","11383","19325302.0","-0.00982226379794","0.00982226379794"
"NYSE_PXD","http://en.wikipedia.org/wiki/Pioneer_Natural_Resources","Pioneer Natural Resources","0","0","53742613.0","0.127425189083","0.127425189083"
"NYSE_PBI","http://en.wikipedia.org/wiki/Pitney-Bowes","Pitney Bowes","1","12708","25792041.0","0.0403022670025","0.0403022670025"
"NYSE_PCL","http://en.wikipedia.org/wiki/Plum_Creek_Timber_Co.","Plum Creek Timber","0","0","18857509.0","0.0311313591496","0.0311313591496"
"NYSE_PNC","http://en.wikipedia.org/wiki/PNC_Financial_Services","PNC Financial Services","1","41777","55502624.0","0.0118834080717","0.0118834080717"
"NYSE_RL","http://en.wikipedia.org/wiki/Polo_Ralph_Lauren_Corp.","Ralph Lauren Corporation","7","173245","20755147.0","-0.0625423155044","0.0625423155044"
"NYSE_PPG","http://en.wikipedia.org/wiki/PPG_Industries","PPG Industries","0","0","43368299.0","0.188961113012","0.188961113012"
"NYSE_PPL","http://en.wikipedia.org/wiki/PPL_Corp.","PPL Corporation","2","20484","110175371.0","0.045910611128","0.045910611128"
"NYSE_PX","http://en.wikipedia.org/wiki/Praxair_Inc.","Praxair","1","2443","35170037.0","0.0906145690163","0.0906145690163"
"NYSE_PCP","http://en.wikipedia.org/wiki/Precision_Castparts","Precision Castparts Corp.","6","93418","18778383.0","0.00478864655435","0.00478864655435"
"NASDAQ_PCLN","http://en.wikipedia.org/wiki/Priceline.com_Inc","Priceline.com","0","0","13260043.0","0.175751499766","0.175751499766"
"NYSE_PFG","http://en.wikipedia.org/wiki/Principal_Financial_Group","Principal Financial Group","1","9100","24887754.0","0.0595690747782","0.0595690747782"
"NYSE_PG","http://en.wikipedia.org/wiki/Procter_&_Gamble","Procter & Gamble","3","103436","199856804.0","0.0617180984153","0.0617180984153"
"NYSE_PGR","http://en.wikipedia.org/wiki/Progressive_Corp.","Progressive Corporation","0","0","64128881.0","0.0812663185379","0.0812663185379"
"NYSE_PLD","http://en.wikipedia.org/wiki/Prologis","Prologis","0","0","56692907.0","0.0984575835476","0.0984575835476"
"NYSE_PRU","http://en.wikipedia.org/wiki/Prudential_Financial","Prudential Financial","1","20744","44545969.0","0.0825351003805","0.0825351003805"
"NYSE_PEG","http://en.wikipedia.org/wiki/Public_Serv._Enterprise_Inc.","Public Service Enterprise Group","2","28380","70560896.0","-0.0206356736243","0.0206356736243"
"NYSE_PSA","http://en.wikipedia.org/wiki/Public_Storage","Public Storage","0","0","13750772.0","0.0842508151018","0.0842508151018"
"NYSE_PHM","http://en.wikipedia.org/wiki/Pulte_Homes_Inc.","PulteGroup","0","0","159247573.0","-0.0286168521463","0.0286168521463"
"NYSE_PVH","http://en.wikipedia.org/wiki/PVH_Corp.","PVH (company)","3","32771","24542286.0","-0.107808514813","0.107808514813"
"NASDAQ_QRVO","http://en.wikipedia.org/wiki/Qorvo","Qorvo","0","0","32987667.0","-0.0248612652608","0.0248612652608"
"NYSE_PWR","http://en.wikipedia.org/wiki/Quanta_Services_Inc.","Quanta Services","0","0","108443593.0","-0.169351507641","0.169351507641"
"NASDAQ_QCOM","http://en.wikipedia.org/wiki/QUALCOMM_Inc.","Qualcomm","17","796533","201850417.0","0.105899869719","0.105899869719"
"NYSE_DGX","http://en.wikipedia.org/wiki/Quest_Diagnostics","Quest Diagnostics","0","0","32141103.0","0.10541727672","0.10541727672"
"NYSE_RRC","http://en.wikipedia.org/wiki/Range_Resources","Range Resources","0","0","100982802.0","-0.052303860523","0.052303860523"
"NYSE_RTN","http://en.wikipedia.org/wiki/Raytheon_Co.","Raytheon","1","53221","40633698.0","0.0745011898224","0.0745011898224"
"NYSE_O","http://en.wikipedia.org/wiki/Realty_Income_Corporation","Realty Income Corporation","1","11180","58956826.0","0.0436801012872","0.0436801012872"
"NYSE_RHT","http://en.wikipedia.org/wiki/Red_Hat_Inc.","Red Hat","3","145876","29665072.0","0.100584307179","0.100584307179"
"NASDAQ_REGN","http://en.wikipedia.org/wiki/Regeneron","Regeneron","0","0","19543689.0","0.198327385303","0.198327385303"
"NYSE_RF","http://en.wikipedia.org/wiki/Regions_Financial_Corp.","Regions Financial Corporation","2","33666","343591645.0","0.0377358490566","0.0377358490566"
"NYSE_RSG","http://en.wikipedia.org/wiki/Republic_Services_Inc","Republic Services","6","94417","31141657.0","0.0616504854369","0.0616504854369"
"NYSE_RAI","http://en.wikipedia.org/wiki/Reynolds_American_Inc.","Reynolds American","0","0","138769668.0","0.0914840749944","0.0914840749944"
"NYSE_RHI","http://en.wikipedia.org/wiki/Robert_Half_International","Robert Half International","1","7553","20876689.0","0.029319781079","0.029319781079"
"NYSE_ROK","http://en.wikipedia.org/wiki/Rockwell_Automation_Inc.","Rockwell Automation","0","0","23507409.0","0.0757859465852","0.0757859465852"
"NYSE_COL","http://en.wikipedia.org/wiki/Rockwell_Collins","Rockwell Collins","0","0","13410440.0","0.0596285434995","0.0596285434995"
"NYSE_ROP","http://en.wikipedia.org/wiki/Roper_Industries","Roper Technologies","0","0","12152096.0","0.189215060625","0.189215060625"
"NASDAQ_ROST","http://en.wikipedia.org/wiki/Ross_Stores","Ross Stores","0","0","55953663.0","0.0435320817","0.0435320817"
"NYSE_RCL","http://en.wikipedia.org/wiki/Royal_Caribbean_Cruises_Ltd","Royal Caribbean Cruises Ltd.","1","14466","44290560.0","0.103939836121","0.103939836121"
"NYSE_R","http://en.wikipedia.org/wiki/Ryder_System","Ryder","0","0","27962486.0","-0.0305240410589","0.0305240410589"
"NYSE_CRM","http://en.wikipedia.org/wiki/Salesforce.com","Salesforce.com","16","740483","77374864.0","0.119256805416","0.119256805416"
"NASDAQ_SNDK","http://en.wikipedia.org/wiki/SanDisk_Corporation","SanDisk","10","175377","157284658.0","0.418232044199","0.418232044199"
"NYSE_SCG","http://en.wikipedia.org/wiki/SCANA_Corp","SCANA","0","0","20665694.0","0.0526128688233","0.0526128688233"
"NYSE_SLB","http://en.wikipedia.org/wiki/Schlumberger_Ltd.","Schlumberger","12","285331","208253185.0","0.133246338988","0.133246338988"
"NYSE_SNI","http://en.wikipedia.org/wiki/Scripps_Networks_Interactive_Inc.","Scripps Networks Interactive","0","0","30673663.0","0.221386460663","0.221386460663"
"NASDAQ_STX","http://en.wikipedia.org/wiki/Seagate_Technology","Seagate Technology","7","209031","137008115.0","-0.150446428571","0.150446428571"
"NYSE_SEE","http://en.wikipedia.org/wiki/Sealed_Air_Corp.(New)","Sealed Air","0","0","47471526.0","0.0477815699659","0.0477815699659"
"NYSE_SRE","http://en.wikipedia.org/wiki/Sempra_Energy","Sempra Energy","0","0","25578860.0","0.058829611249","0.058829611249"
"NYSE_SHW","http://en.wikipedia.org/wiki/Sherwin-Williams","Sherwin-Williams","0","0","24554232.0","0.197728700961","0.197728700961"
"NYSE_SIG","http://en.wikipedia.org/wiki/Signet_Jewelers","Signet Jewelers","2","15300","14562835.0","0.108793065452","0.108793065452"
"NYSE_SPG","http://en.wikipedia.org/wiki/Simon_Property_Group_Inc","Simon Property Group","0","0","26204991.0","0.0965599825822","0.0965599825822"
"NASDAQ_SWKS","http://en.wikipedia.org/wiki/Skyworks_Solutions","Skyworks Solutions","3","15205","102049242.0","-0.0812418222909","0.0812418222909"
"NYSE_SLG","http://en.wikipedia.org/wiki/SL_Green_Realty","SL Green Realty","0","0","13049835.0","0.0967085798817","0.0967085798817"
"NYSE_SJM","http://en.wikipedia.org/wiki/Smucker_(J.M.)","The J.M. Smucker Company","1","13672","23436387.0","0.0289245332632","0.0289245332632"
"NYSE_SNA","http://en.wikipedia.org/wiki/Snap-On_Inc.","Snap-on","2","16295","9043832.0","0.0990459785345","0.0990459785345"
"NYSE_SO","http://en.wikipedia.org/wiki/Southern_Co.","Southern Company","2","46982","92113363.0","0.0089485458613","0.0089485458613"
"NYSE_LUV","http://en.wikipedia.org/wiki/Southwest_Airlines","Southwest Airlines","42","4460226","162029257.0","0.216876971609","0.216876971609"
"NYSE_SWN","http://en.wikipedia.org/wiki/Southwestern_Energy","Southwestern Energy","0","0","315842914.0","-0.130023640662","0.130023640662"
"NYSE_SE","http://en.wikipedia.org/wiki/Spectra_Energy_Corp.","Spectra Energy","1","10210","106758631.0","0.0875523410735","0.0875523410735"
"NYSE_STJ","http://en.wikipedia.org/wiki/St_Jude_Medical","St. Jude Medical","4","119683","52254560.0","0.0114122681883","0.0114122681883"
"NYSE_SWK","http://en.wikipedia.org/wiki/Stanley_Black_&_Decker","Stanley Black & Decker","0","0","25609186.0","0.0928026397195","0.0928026397195"
"NASDAQ_SPLS","http://en.wikipedia.org/wiki/Staples_Inc.","Staples Inc.","8","287738","177913585.0","0.109308283518","0.109308283518"
"NASDAQ_SBUX","http://en.wikipedia.org/wiki/Starbucks_Corp.","Starbucks","67","9863667","191872935.0","0.100633356791","0.100633356791"
"NYSE_HOT","http://en.wikipedia.org/wiki/Starwood_Hotels_&_Resorts","Starwood Hotels and Resorts Worldwide","5","88331","71632312.0","0.201413959085","0.201413959085"
"NYSE_STT","http://en.wikipedia.org/wiki/State_Street_Corp.","State Street Corporation","0","0","59198344.0","0.0266329415266","0.0266329415266"
"NASDAQ_SRCL","http://en.wikipedia.org/wiki/Stericycle_Inc","Stericycle","0","0","26143297.0","-0.128402154399","0.128402154399"
"NYSE_SYK","http://en.wikipedia.org/wiki/Stryker_Corp.","Stryker Corporation","3","62212","34257905.0","0.0161530286929","0.0161530286929"
"NYSE_STI","http://en.wikipedia.org/wiki/SunTrust_Banks","SunTrust Banks","1","14342","102820112.0","0.0857740585774","0.0857740585774"
"NASDAQ_SYMC","http://en.wikipedia.org/wiki/Symantec_Corp.","Symantec","3","132158","108450098.0","0.0585817060637","0.0585817060637"
"NYSE_SYY","http://en.wikipedia.org/wiki/Sysco_Corp.","Sysco","2","30613","92939619.0","0.058506543495","0.058506543495"
"NASDAQ_TROW","http://en.wikipedia.org/wiki/T._Rowe_Price_Group","T. Rowe Price","0","0","34910000.0","0.0888408927286","0.0888408927286"
"NYSE_TGT","http://en.wikipedia.org/wiki/Target_Corp.","Target Corporation","40","3281843","121369525.0","-0.0188151538266","0.0188151538266"
"NYSE_TEL","http://en.wikipedia.org/wiki/TE_Connectivity","TE Connectivity","0","0","52477675.0","0.0759726164635","0.0759726164635"
"NYSE_TE","http://en.wikipedia.org/wiki/TECO_Energy","TECO Energy","0","0","42446086.0","0.028179741051","0.028179741051"
"NYSE_TGNA","http://en.wikipedia.org/wiki/Gannett_Co.","Gannett Company","7","206794","38939224.0","0.207682000893","0.207682000893"
"NYSE_THC","http://en.wikipedia.org/wiki/Tenet_Healthcare_Corp.","Tenet Healthcare","0","0","89078375.0","-0.150325027086","0.150325027086"
"NYSE_TDC","http://en.wikipedia.org/wiki/Teradata_Corp.","Teradata","1","30081","44648847.0","-0.0293508287293","0.0293508287293"
"NYSE_TSO","http://en.wikipedia.org/wiki/Tesoro_Petroleum_Co.","Tesoro","3","34206","48745422.0","0.0996503496504","0.0996503496504"
"NASDAQ_TXN","http://en.wikipedia.org/wiki/Texas_Instruments","Texas Instruments","18","864446","183018701.0","0.145280161535","0.145280161535"
"NYSE_TXT","http://en.wikipedia.org/wiki/Textron_Inc.","Textron","3","34311","57975501.0","0.120350690755","0.120350690755"
"NYSE_HSY","http://en.wikipedia.org/wiki/The_Hershey_Company","The Hershey Company","18","657507","27407274.0","-0.0347191989552","0.0347191989552"
"NYSE_TRV","http://en.wikipedia.org/wiki/The_Travelers_Companies_Inc.","The Travelers Companies","1","21089","43264886.0","0.13423088516","0.13423088516"
"NYSE_TMO","http://en.wikipedia.org/wiki/Thermo_Fisher_Scientific","Thermo Fisher Scientific","1","11474","44024381.0","0.0695125940465","0.0695125940465"
"NYSE_TIF","http://en.wikipedia.org/wiki/Tiffany_&_Co.","Tiffany & Co.","5","196645","25266986.0","0.0675990675991","0.0675990675991"
"NYSE_TWX","http://en.wikipedia.org/wiki/Time_Warner_Inc.","Time Warner","14","814287","98616489.0","0.0958545454545","0.0958545454545"
"NYSE_TWC","http://en.wikipedia.org/wiki/Time_Warner_Cable_Inc.","Time Warner Cable","10","380801","36642650.0","0.0559179349947","0.0559179349947"
"NYSE_TJX","http://en.wikipedia.org/wiki/TJX_Companies_Inc.","TJX Companies","0","0","59024435.0","0.0247829739569","0.0247829739569"
"NYSE_TMK","http://en.wikipedia.org/wiki/Torchmark_Corp.","Torchmark","0","0","16271733.0","0.0285460992908","0.0285460992908"
"NYSE_TSS","http://en.wikipedia.org/wiki/Total_System_Services","TSYS","2","15740","35312190.0","0.154523442659","0.154523442659"
"NASDAQ_TSCO","http://en.wikipedia.org/wiki/Tractor_Supply_Company","Tractor Supply Company","2","14148","27428954.0","0.0960968086368","0.0960968086368"
"NYSE_RIG","http://en.wikipedia.org/wiki/Transocean","Transocean","2","91642","278312863.0","0.225232198142","0.225232198142"
"NASDAQ_TRIP","http://en.wikipedia.org/wiki/TripAdvisor","TripAdvisor","10","235445","55928737.0","0.32941923199","0.32941923199"
"NASDAQ_FOXA","http://en.wikipedia.org/wiki/Twenty-First_Century_Fox_Class_A","21st Century Fox","1","18555","260233263.0","0.137509266123","0.137509266123"
"NASDAQ_FOX","http://en.wikipedia.org/wiki/Twenty-First_Century_Fox_Class_B","21st Century Fox","1","18555","84867011.0","0.140746213521","0.140746213521"
"NYSE_TSN","http://en.wikipedia.org/wiki/Tyson_Foods","Tyson Foods","6","138719","96922543.0","0.0292343387471","0.0292343387471"
"NYSE_TYC","http://en.wikipedia.org/wiki/Tyco_International","Tyco International","7","236439","56155903.0","0.089061566049","0.089061566049"
"NYSE_USB","http://en.wikipedia.org/wiki/U.S._Bancorp","U.S. Bancorp","2","46520","166162661.0","0.0285296269203","0.0285296269203"
"NYSE_UA","http://en.wikipedia.org/wiki/Under_Armour","Under Armour","40","2106113","74403337.0","-0.0175656127299","0.0175656127299"
"NYSE_UNP","http://en.wikipedia.org/wiki/Union_Pacific","Union Pacific Railroad","3","193358","112180343.0","0.0106322814161","0.0106322814161"
"NYSE_UAL","http://en.wikipedia.org/wiki/United_Continental_Holdings","United Continental Holdings","3","69373","154220716.0","0.13685202639","0.13685202639"
"NYSE_UNH","http://en.wikipedia.org/wiki/United_Health_Group_Inc.","UnitedHealth Group","7","232954","105049967.0","0.0152573054047","0.0152573054047"
"NYSE_UPS","http://en.wikipedia.org/wiki/United_Parcel_Service","United Parcel Service","8","388919","65225899.0","0.0438747593475","0.0438747593475"
"NYSE_URI","http://en.wikipedia.org/wiki/United_Rentals","United Rentals","2","19182","56335103.0","0.246627810158","0.246627810158"
"NYSE_UTX","http://en.wikipedia.org/wiki/United_Technologies","United Technologies Corporation","2","41916","99965207.0","0.105854590403","0.105854590403"
"NYSE_UHS","http://en.wikipedia.org/wiki/Universal_Health_Services","Universal Health Services","1","11347","23689107.0","-0.0217931255508","0.0217931255508"
"NYSE_UNM","http://en.wikipedia.org/wiki/Unum_Group","Unum","0","0","27158295.0","0.0801122194514","0.0801122194514"
"NASDAQ_URBN","http://en.wikipedia.org/wiki/Urban_Outfitters","Urban Outfitters","1","26160","39786942.0","-0.0262172284644","0.0262172284644"
"NYSE_VFC","http://en.wikipedia.org/wiki/V.F._Corp.","VF Corporation","5","51331","63018613.0","-0.0101158187949","0.0101158187949"
"NYSE_VLO","http://en.wikipedia.org/wiki/Valero_Energy","Valero Energy","2","36987","124458255.0","0.0968386023295","0.0968386023295"
"NYSE_VAR","http://en.wikipedia.org/wiki/Varian_Medical_Systems","Varian Medical Systems","1","10689","20964428.0","0.0643805909461","0.0643805909461"
"NYSE_VTR","http://en.wikipedia.org/wiki/Ventas_Inc","Ventas","0","0","55269223.0","-0.0417409917945","0.0417409917945"
"NASDAQ_VRSN","http://en.wikipedia.org/wiki/Verisign_Inc.","Verisign","2","46582","24174230.0","0.142290249433","0.142290249433"
"NASDAQ_VRSK","http://en.wikipedia.org/wiki/Verisk_Analytics","Verisk Analytics","0","0","69078318.0","-0.0311189284265","0.0311189284265"
"NYSE_VZ","http://en.wikipedia.org/wiki/Verizon_Communications","Verizon Communications","30","2179022","312153535.0","0.0774534589749","0.0774534589749"
"NASDAQ_VRTX","http://en.wikipedia.org/wiki/Vertex_Pharmaceuticals","Vertex Pharmaceuticals","0","0","50580278.0","0.197810639524","0.197810639524"
"NASDAQ_VIAB","http://en.wikipedia.org/wiki/Viacom_Inc.","Viacom","2","52051","94223524.0","0.143287734755","0.143287734755"
"NYSE_V","http://en.wikipedia.org/wiki/Visa_Inc.","Visa Inc.","6","317359","175921029.0","0.113695090439","0.113695090439"
"NYSE_VNO","http://en.wikipedia.org/wiki/Vornado_Realty_Trust","Vornado Realty Trust","0","0","16518540.0","0.11203273612","0.11203273612"
"NYSE_VMC","http://en.wikipedia.org/wiki/Vulcan_Materials","Vulcan Materials Company","0","0","29024802.0","0.082735426009","0.082735426009"
"NYSE_WMT","http://en.wikipedia.org/wiki/Wal-Mart_Stores","Walmart","33","4421823","344633249.0","-0.117211597779","0.117211597779"
"NASDAQ_WBA","http://en.wikipedia.org/wiki/Walgreens_Boots_Alliance","Walgreens Boots Alliance","3","39508","122880632.0","0.0190132370638","0.0190132370638"
"NYSE_DIS","http://en.wikipedia.org/wiki/The_Walt_Disney_Company","The Walt Disney Company","7","605015","158634319.0","0.112915851272","0.112915851272"
"NYSE_WM","http://en.wikipedia.org/wiki/Waste_Management_Inc.","Waste Management (corporation)","3","116544","45634585.0","0.0793013451114","0.0793013451114"
"NYSE_WAT","http://en.wikipedia.org/wiki/Waters_Corporation","Waters Corporation","0","0","10373839.0","0.0811268082227","0.0811268082227"
"NYSE_ANTM","http://en.wikipedia.org/wiki/Anthem_Inc.","Anthem Inc.","1","40199","53023383.0","-0.00607142857143","0.00607142857143"
"NYSE_WFC","http://en.wikipedia.org/wiki/Wells_Fargo","Wells Fargo","6","348705","351217132.0","0.0543330087634","0.0543330087634"
"NYSE_HCN","http://en.wikipedia.org/wiki/Welltower_Inc.","Welltower","3","12928","45603057.0","-0.0420850561134","0.0420850561134"
"NASDAQ_WDC","http://en.wikipedia.org/wiki/Western_Digital","Western Digital","13","456962","101140948.0","-0.15880604534","0.15880604534"
"NYSE_WU","http://en.wikipedia.org/wiki/Western_Union_Co","Western Union","9","303810","107964926.0","0.0484749455338","0.0484749455338"
"NYSE_WY","http://en.wikipedia.org/wiki/Weyerhaeuser_Corp.","Weyerhaeuser","0","0","70037352.0","0.0727871250914","0.0727871250914"
"NYSE_WHR","http://en.wikipedia.org/wiki/Whirlpool_Corp.","Whirlpool Corporation","1","25280","29409163.0","0.0874643487709","0.0874643487709"
"NASDAQ_WFM","http://en.wikipedia.org/wiki/Whole_Foods_Market","Whole Foods Market","8","475101","115954057.0","-0.0533965244866","0.0533965244866"
"NYSE_WMB","http://en.wikipedia.org/wiki/Williams_Cos.","Williams Companies","0","0","179431057.0","0.0702849389417","0.0702849389417"
"NYSE_WEC","http://en.wikipedia.org/wiki/Wisconsin_Energy_Corporation","WEC Energy Group","0","0","40050830.0","-0.0126388356951","0.0126388356951"
"NYSE_WYN","http://en.wikipedia.org/wiki/Wyndham_Worldwide","Wyndham Worldwide","1","10880","32696316.0","0.131432545202","0.131432545202"
"NASDAQ_WYNN","http://en.wikipedia.org/wiki/Wynn_Resorts_Ltd","Wynn Resorts","1","9568","147665665.0","0.316829819277","0.316829819277"
"NYSE_XEL","http://en.wikipedia.org/wiki/Xcel_Energy_Inc","Xcel Energy","0","0","70038099.0","0.00621293419938","0.00621293419938"
"NYSE_XRX","http://en.wikipedia.org/wiki/Xerox_Corp.","Xerox","8","344108","321782809.0","-0.0349434737924","0.0349434737924"
"NASDAQ_XLNX","http://en.wikipedia.org/wiki/Xilinx_Inc","Xilinx","5","242541","72346664.0","0.123908425773","0.123908425773"
"NYSE_XL","http://en.wikipedia.org/wiki/XL_Capital","XL Catlin","4","23155","54138591.0","0.0484581497797","0.0484581497797"
"NYSE_XYL","http://en.wikipedia.org/wiki/Xylem_Inc.","Xylem Inc.","1","13809","36270955.0","0.108371385084","0.108371385084"
"NASDAQ_YHOO","http://en.wikipedia.org/wiki/Yahoo_Inc.","Yahoo!","6","422255","357085984.0","0.231753718437","0.231753718437"
"NYSE_YUM","http://en.wikipedia.org/wiki/Yum!_Brands_Inc","Yum! Brands","4","49964","160267696.0","-0.113070669168","0.113070669168"
"NYSE_ZBH","http://en.wikipedia.org/wiki/Zimmer_Holdings","Zimmer Biomet","3","25735","30323228.0","0.113275843713","0.113275843713"
"NASDAQ_ZION","http://en.wikipedia.org/wiki/Zions_Bancorp","Zions Bancorporation","0","0","49413588.0","0.0442992011619","0.0442992011619"
"NYSE_ZTS","http://en.wikipedia.org/wiki/Zoetis","Zoetis","0","0","92567296.0","0.0444390480816","0.0444390480816"
