"NYSE_MMM","http://en.wikipedia.org/wiki/3M","3M"
"NYSE_ABT","http://en.wikipedia.org/wiki/Abbott_Laboratories","Abbott Laboratories"
"NYSE_ABBV","http://en.wikipedia.org/wiki/AbbVie","AbbVie"
"NYSE_ACN","http://en.wikipedia.org/wiki/Accenture_plc","Accenture"
"NYSE_ACE","http://en.wikipedia.org/wiki/ACE_Limited","ACE Limited"
"NASDAQ_ATVI","http://en.wikipedia.org/wiki/Activision_Blizzard","Activision Blizzard"
"NASDAQ_ADBE","http://en.wikipedia.org/wiki/Adobe_Systems_Inc","Adobe Systems"
"NYSE_ADT","http://en.wikipedia.org/wiki/ADT_Corp","The ADT Corporation"
"NYSE_AAP","http://en.wikipedia.org/wiki/Advance_Auto_Parts","Advance Auto Parts"
"NYSE_AES","http://en.wikipedia.org/wiki/AES_Corp","AES Corporation"
"NYSE_AET","http://en.wikipedia.org/wiki/Aetna_Inc","Aetna"
"NYSE_AFL","http://en.wikipedia.org/wiki/AFLAC_Inc","Aflac"
"NYSE_AMG","http://en.wikipedia.org/wiki/Affiliated_Managers_Group_Inc","Affiliated Managers Group"
"NYSE_A","http://en.wikipedia.org/wiki/Agilent_Technologies_Inc","Agilent Technologies"
"NYSE_GAS","http://en.wikipedia.org/wiki/AGL_Resources_Inc.","AGL Resources"
"NYSE_APD","http://en.wikipedia.org/wiki/Air_Products_&_Chemicals_Inc","Air Products & Chemicals"
"NYSE_ARG","http://en.wikipedia.org/wiki/Airgas_Inc","Airgas"
"NASDAQ_AKAM","http://en.wikipedia.org/wiki/Akamai_Technologies_Inc","Akamai Technologies"
"NYSE_AA","http://en.wikipedia.org/wiki/Alcoa_Inc","Alcoa"
"NYSE_AGN","http://en.wikipedia.org/wiki/Allergan","Allergan, Plc"
"NASDAQ_ALXN","http://en.wikipedia.org/wiki/Alexion_Pharmaceuticals","Alexion Pharmaceuticals"
"NYSE_ALLE","http://en.wikipedia.org/wiki/Allegion","Allegion"
"NYSE_ADS","http://en.wikipedia.org/wiki/Alliance_Data_Systems","Alliance Data"
"NYSE_ALL","http://en.wikipedia.org/wiki/Allstate_Corp","Allstate"
"NASDAQ_GOOGL","http://en.wikipedia.org/wiki/Alphabet_Inc_Class_A","Alphabet Inc."
"NASDAQ_GOOG","http://en.wikipedia.org/wiki/Alphabet_Inc_Class_C","Alphabet Inc."
"NASDAQ_ALTR","http://en.wikipedia.org/wiki/Altera_Corp","Altera"
"NYSE_MO","http://en.wikipedia.org/wiki/Altria_Group_Inc","Altria"
"NASDAQ_AMZN","http://en.wikipedia.org/wiki/Amazon.com_Inc","Amazon.com"
"NYSE_AEE","http://en.wikipedia.org/wiki/Ameren_Corp","Ameren"
"NASDAQ_AAL","http://en.wikipedia.org/wiki/American_Airlines_Group","American Airlines Group"
"NYSE_AEP","http://en.wikipedia.org/wiki/American_Electric_Power","American Electric Power"
"NYSE_AXP","http://en.wikipedia.org/wiki/American_Express_Co","American Express"
"NYSE_AIG","http://en.wikipedia.org/wiki/American_International_Group","American International Group"
"NYSE_AMT","http://en.wikipedia.org/wiki/American_Tower_Corp_A","American Tower Corporation"
"NYSE_AMP","http://en.wikipedia.org/wiki/Ameriprise_Financial","Ameriprise Financial"
"NYSE_ABC","http://en.wikipedia.org/wiki/AmerisourceBergen_Corp","AmerisourceBergen"
"NYSE_AME","http://en.wikipedia.org/wiki/Ametek","Ametek"
"NASDAQ_AMGN","http://en.wikipedia.org/wiki/Amgen_Inc","Amgen"
"NYSE_APH","http://en.wikipedia.org/wiki/Amphenol_Corp_A","Amphenol"
"NYSE_APC","http://en.wikipedia.org/wiki/Anadarko_Petroleum","Anadarko Petroleum"
"NASDAQ_ADI","http://en.wikipedia.org/wiki/Analog_Devices","Analog Devices"
"NYSE_AON","http://en.wikipedia.org/wiki/Aon_plc","Aon (company)"
"NYSE_APA","http://en.wikipedia.org/wiki/Apache_Corporation","Apache Corporation"
"NYSE_AIV","http://en.wikipedia.org/wiki/Apartment_Investment_&_Mgmt","Aimco"
"NASDAQ_AAPL","http://en.wikipedia.org/wiki/Apple_Inc.","Apple Inc."
"NASDAQ_AMAT","http://en.wikipedia.org/wiki/Applied_Materials_Inc","Applied Materials"
"NYSE_ADM","http://en.wikipedia.org/wiki/Archer-Daniels-Midland_Co","Archer Daniels Midland"
"NYSE_AIZ","http://en.wikipedia.org/wiki/Assurant_Inc","Assurant"
"NYSE_T","http://en.wikipedia.org/wiki/AT&T_Inc","AT&T"
"NASDAQ_ADSK","http://en.wikipedia.org/wiki/Autodesk_Inc","Autodesk"
"NASDAQ_ADP","http://en.wikipedia.org/wiki/Automatic_Data_Processing","Automatic Data Processing"
"NYSE_AN","http://en.wikipedia.org/wiki/AutoNation_Inc","AutoNation"
"NYSE_AZO","http://en.wikipedia.org/wiki/AutoZone_Inc","AutoZone"
"NASDAQ_AVGO","http://en.wikipedia.org/wiki/Avago_Technologies","Avago"
"NYSE_AVB","http://en.wikipedia.org/wiki/AvalonBay_Communities","AvalonBay Communities"
"NYSE_AVY","http://en.wikipedia.org/wiki/Avery_Dennison_Corp","Avery Dennison"
"NYSE_BHI","http://en.wikipedia.org/wiki/Baker_Hughes_Inc","Baker Hughes"
"NYSE_BLL","http://en.wikipedia.org/wiki/Ball_Corp","Ball Corporation"
"NYSE_BAC","http://en.wikipedia.org/wiki/Bank_of_America_Corp","Bank of America"
"NYSE_BK","http://en.wikipedia.org/wiki/The_Bank_of_New_York_Mellon_Corp.","The Bank of New York Mellon"
"NYSE_BCR","http://en.wikipedia.org/wiki/Bard_(C.R.)_Inc.","C. R. Bard"
"NYSE_BXLT","http://en.wikipedia.org/wiki/Baxalta","Baxalta"
"NYSE_BAX","http://en.wikipedia.org/wiki/Baxter_International_Inc.","Baxter International"
"NYSE_BBT","http://en.wikipedia.org/wiki/BB&T_Corporation","BB&T"
"NYSE_BDX","http://en.wikipedia.org/wiki/Becton_Dickinson","Becton Dickinson"
"NASDAQ_BBBY","http://en.wikipedia.org/wiki/Bed_Bath_&_Beyond","Bed Bath & Beyond"
"NYSE_BRK-B","http://en.wikipedia.org/wiki/Berkshire_Hathaway","Berkshire Hathaway"
"NYSE_BBY","http://en.wikipedia.org/wiki/Best_Buy_Co._Inc.","Best Buy"
"NASDAQ_BIIB","http://en.wikipedia.org/wiki/BIOGEN_IDEC_Inc.","Biogen"
"NYSE_BLK","http://en.wikipedia.org/wiki/BlackRock","BlackRock"
"NYSE_HRB","http://en.wikipedia.org/wiki/Block_H&R","H&R Block"
"NYSE_BA","http://en.wikipedia.org/wiki/Boeing_Company","Boeing"
"NYSE_BWA","http://en.wikipedia.org/wiki/BorgWarner","BorgWarner"
"NYSE_BXP","http://en.wikipedia.org/wiki/Boston_Properties","Boston Properties"
"NYSE_BSX","http://en.wikipedia.org/wiki/Boston_Scientific","Boston Scientific"
"NYSE_BMY","http://en.wikipedia.org/wiki/Bristol-Myers_Squibb","Bristol-Myers Squibb"
"NASDAQ_BRCM","http://en.wikipedia.org/wiki/Broadcom_Corporation","Broadcom"
"NYSE_BF-B","http://en.wikipedia.org/wiki/Brown-Forman_Corporation","Brown-Forman"
"NASDAQ_CHRW","http://en.wikipedia.org/wiki/C._H._Robinson_Worldwide","C. H. Robinson"
"NASDAQ_CA","http://en.wikipedia.org/wiki/CA","CA"
"NYSE_CVC","http://en.wikipedia.org/wiki/Cablevision","Cablevision"
"NYSE_COG","http://en.wikipedia.org/wiki/Cabot_Oil_&_Gas","Cabot Oil & Gas"
"NYSE_CAM","http://en.wikipedia.org/wiki/Cameron_International_Corp.","Cameron International"
"NYSE_CPB","http://en.wikipedia.org/wiki/Campbell_Soup","Campbell Soup Company"
"NYSE_COF","http://en.wikipedia.org/wiki/Capital_One_Financial","Capital One"
"NYSE_CAH","http://en.wikipedia.org/wiki/Cardinal_Health_Inc.","Cardinal Health"
"NASDAQ_HSIC","http://en.wikipedia.org/wiki/Henry_Schein","Henry Schein"
"NYSE_KMX","http://en.wikipedia.org/wiki/Carmax_Inc","CarMax"
"NYSE_CCL","http://en.wikipedia.org/wiki/Carnival_Corp.","Carnival Corporation & plc"
"NYSE_CAT","http://en.wikipedia.org/wiki/Caterpillar_Inc.","Caterpillar Inc."
"NYSE_CBG","http://en.wikipedia.org/wiki/CBRE_Group","CBRE Group"
"NYSE_CBS","http://en.wikipedia.org/wiki/CBS_Corp.","CBS Corporation"
"NASDAQ_CELG","http://en.wikipedia.org/wiki/Celgene_Corp.","Celgene"
"NYSE_CNP","http://en.wikipedia.org/wiki/CenterPoint_Energy","CenterPoint Energy"
"NYSE_CTL","http://en.wikipedia.org/wiki/CenturyLink_Inc","CenturyLink"
"NASDAQ_CERN","http://en.wikipedia.org/wiki/Cerner","Cerner"
"NYSE_CF","http://en.wikipedia.org/wiki/CF_Industries_Holdings_Inc","CF Industries"
"NYSE_SCHW","http://en.wikipedia.org/wiki/Charles_Schwab_Corporation","Charles Schwab Corporation"
"NYSE_CHK","http://en.wikipedia.org/wiki/Chesapeake_Energy","Chesapeake Energy"
"NYSE_CVX","http://en.wikipedia.org/wiki/Chevron_Corp.","Chevron Corporation"
"NYSE_CMG","http://en.wikipedia.org/wiki/Chipotle_Mexican_Grill","Chipotle Mexican Grill"
"NYSE_CB","http://en.wikipedia.org/wiki/Chubb_Corp.","Chubb Corp."
"NYSE_CI","http://en.wikipedia.org/wiki/CIGNA_Corp.","Cigna"
"NYSE_XEC","http://en.wikipedia.org/wiki/Cimarex_Energy","Cimarex Energy"
"NASDAQ_CINF","http://en.wikipedia.org/wiki/Cincinnati_Financial","Cincinnati Financial"
"NASDAQ_CTAS","http://en.wikipedia.org/wiki/Cintas_Corporation","Cintas"
"NASDAQ_CSCO","http://en.wikipedia.org/wiki/Cisco_Systems","Cisco Systems"
"NYSE_C","http://en.wikipedia.org/wiki/Citigroup_Inc.","Citigroup"
"NASDAQ_CTXS","http://en.wikipedia.org/wiki/Citrix_Systems","Citrix Systems"
"NYSE_CLX","http://en.wikipedia.org/wiki/The_Clorox_Company","Clorox"
"NASDAQ_CME","http://en.wikipedia.org/wiki/CME_Group_Inc.","CME Group"
"NYSE_CMS","http://en.wikipedia.org/wiki/CMS_Energy","CMS Energy"
"NYSE_COH","http://en.wikipedia.org/wiki/Coach_Inc.","Coach, Inc."
"NYSE_KO","http://en.wikipedia.org/wiki/The_Coca_Cola_Company","The Coca-Cola Company"
"NYSE_CCE","http://en.wikipedia.org/wiki/Coca-Cola_Enterprises","Coca-Cola Enterprises"
"NASDAQ_CTSH","http://en.wikipedia.org/wiki/Cognizant_Technology_Solutions","Cognizant"
"NYSE_CL","http://en.wikipedia.org/wiki/Colgate-Palmolive","Colgate-Palmolive"
"NASDAQ_CMCSA","http://en.wikipedia.org/wiki/Comcast_A_Corp","Comcast"
"NASDAQ_CMCSK","http://en.wikipedia.org/wiki/Comcast_Special_Corp_Class_A","Comcast"
"NYSE_CMA","http://en.wikipedia.org/wiki/Comerica_Inc.","Comerica"
"NYSE_CSC","http://en.wikipedia.org/wiki/Computer_Sciences_Corp.","Computer Sciences Corporation"
"NYSE_CAG","http://en.wikipedia.org/wiki/ConAgra_Foods_Inc.","ConAgra Foods"
"NYSE_COP","http://en.wikipedia.org/wiki/ConocoPhillips","ConocoPhillips"
"NYSE_CNX","http://en.wikipedia.org/wiki/CONSOL_Energy_Inc.","Consol Energy"
"NYSE_ED","http://en.wikipedia.org/wiki/Consolidated_Edison","Consolidated Edison"
"NYSE_STZ","http://en.wikipedia.org/wiki/Constellation_Brands","Constellation Brands"
"NYSE_GLW","http://en.wikipedia.org/wiki/Corning_Inc.","Corning Inc."
"NASDAQ_COST","http://en.wikipedia.org/wiki/Costco_Co.","Costco"
"NYSE_CCI","http://en.wikipedia.org/wiki/Crown_Castle_International_Corp.","Crown Castle International Corp."
"NYSE_CSX","http://en.wikipedia.org/wiki/CSX_Corp.","CSX Corporation"
"NYSE_CMI","http://en.wikipedia.org/wiki/Cummins_Inc.","Cummins"
"NYSE_CVS","http://en.wikipedia.org/wiki/CVS_Caremark_Corp.","CVS Health"
"NYSE_DHI","http://en.wikipedia.org/wiki/D._R._Horton","D. R. Horton"
"NYSE_DHR","http://en.wikipedia.org/wiki/Danaher_Corp.","Danaher Corporation"
"NYSE_DRI","http://en.wikipedia.org/wiki/Darden_Restaurants","Darden Restaurants"
"NYSE_DVA","http://en.wikipedia.org/wiki/DaVita_Inc.","DaVita"
"NYSE_DE","http://en.wikipedia.org/wiki/Deere_&_Co.","John Deere"
"NYSE_DLPH","http://en.wikipedia.org/wiki/Delphi_Automotive","Delphi Automotive"
"NYSE_DAL","http://en.wikipedia.org/wiki/Delta_Air_Lines","Delta Air Lines"
"NASDAQ_XRAY","http://en.wikipedia.org/wiki/Dentsply_International","Dentsply"
"NYSE_DVN","http://en.wikipedia.org/wiki/Devon_Energy_Corp.","Devon Energy"
"NYSE_DO","http://en.wikipedia.org/wiki/Diamond_Offshore_Drilling","Diamond Offshore Drilling"
"NYSE_DFS","http://en.wikipedia.org/wiki/Discover_Financial","Discover Financial"
"NASDAQ_DISCA","http://en.wikipedia.org/wiki/Discovery_Communications-A","Discovery Communications"
"NASDAQ_DISCK","http://en.wikipedia.org/wiki/Discovery_Communications-C","Discovery Communications"
"NYSE_DG","http://en.wikipedia.org/wiki/Dollar_General","Dollar General"
"NASDAQ_DLTR","http://en.wikipedia.org/wiki/Dollar_Tree","Dollar Tree"
"NYSE_D","http://en.wikipedia.org/wiki/Dominion_Resources","Dominion Resources"
"NYSE_DOV","http://en.wikipedia.org/wiki/Dover_Corp.","Dover Corporation"
"NYSE_DOW","http://en.wikipedia.org/wiki/Dow_Chemical","Dow Chemical Company"
"NYSE_DPS","http://en.wikipedia.org/wiki/Dr_Pepper_Snapple_Group","Dr Pepper Snapple Group"
"NYSE_DTE","http://en.wikipedia.org/wiki/DTE_Energy_Co.","DTE Energy"
"NYSE_DD","http://en.wikipedia.org/wiki/Du_Pont_(E.I.)","DuPont"
"NYSE_DUK","http://en.wikipedia.org/wiki/Duke_Energy","Duke Energy"
"NYSE_DNB","http://en.wikipedia.org/wiki/Dun_&_Bradstreet","Dun & Bradstreet"
"NASDAQ_ETFC","http://en.wikipedia.org/wiki/E*Trade","E-Trade"
"NYSE_EMN","http://en.wikipedia.org/wiki/Eastman_Chemical","Eastman Chemical Company"
"NYSE_ETN","http://en.wikipedia.org/wiki/Eaton_Corporation","Eaton Corporation"
"NASDAQ_EBAY","http://en.wikipedia.org/wiki/eBay_Inc.","eBay"
"NYSE_ECL","http://en.wikipedia.org/wiki/Ecolab_Inc.","Ecolab"
"NYSE_EIX","http://en.wikipedia.org/wiki/Edison_Int'l","Edison International"
"NYSE_EW","http://en.wikipedia.org/wiki/Edwards_Lifesciences","Edwards Lifesciences"
"NASDAQ_EA","http://en.wikipedia.org/wiki/Electronic_Arts","Electronic Arts"
"NYSE_EMC","http://en.wikipedia.org/wiki/EMC_Corp.","EMC Corporation"
"NYSE_EMR","http://en.wikipedia.org/wiki/Emerson_Electric_Company","Emerson Electric"
"NASDAQ_ENDP","http://en.wikipedia.org/wiki/Endo_International","Endo International"
"NYSE_ESV","http://en.wikipedia.org/wiki/Ensco_plc","Ensco plc"
"NYSE_ETR","http://en.wikipedia.org/wiki/Entergy_Corp.","Entergy"
"NYSE_EOG","http://en.wikipedia.org/wiki/EOG_Resources","EOG Resources"
"NYSE_EQT","http://en.wikipedia.org/wiki/EQT_Corporation","EQT"
"NYSE_EFX","http://en.wikipedia.org/wiki/Equifax_Inc.","Equifax"
"NASDAQ_EQIX","http://en.wikipedia.org/wiki/Equinix","Equinix"
"NYSE_EQR","http://en.wikipedia.org/wiki/Equity_Residential","Equity Residential"
"NYSE_EL","http://en.wikipedia.org/wiki/Estee_Lauder_Cos.","Estée Lauder Companies"
"NYSE_ES","http://en.wikipedia.org/wiki/Eversource_Energy","Eversource Energy"
"NYSE_EXC","http://en.wikipedia.org/wiki/Exelon_Corp.","Exelon"
"NASDAQ_EXPE","http://en.wikipedia.org/wiki/Expedia_Inc.","Expedia, Inc."
"NASDAQ_EXPD","http://en.wikipedia.org/wiki/Expeditors_Int'l","Expeditors International"
"NASDAQ_ESRX","http://en.wikipedia.org/wiki/Express_Scripts","Express Scripts"
"NYSE_XOM","http://en.wikipedia.org/wiki/Exxon_Mobil_Corp.","ExxonMobil"
"NASDAQ_FFIV","http://en.wikipedia.org/wiki/F5_Networks","F5 Networks"
"NASDAQ_FB","http://en.wikipedia.org/wiki/Facebook","Facebook"
"NASDAQ_FAST","http://en.wikipedia.org/wiki/Fastenal_Co","Fastenal"
"NYSE_FDX","http://en.wikipedia.org/wiki/FedEx_Corporation","FedEx"
"NYSE_FIS","http://en.wikipedia.org/wiki/Fidelity_National_Information_Services","FIS (company)"
"NASDAQ_FITB","http://en.wikipedia.org/wiki/Fifth_Third_Bancorp","Fifth Third Bank"
"NASDAQ_FSLR","http://en.wikipedia.org/wiki/First_Solar_Inc","First Solar"
"NYSE_FE","http://en.wikipedia.org/wiki/FirstEnergy_Corp","FirstEnergy"
"NASDAQ_FISV","http://en.wikipedia.org/wiki/Fiserv_Inc","Fiserv"
"NASDAQ_FLIR","http://en.wikipedia.org/wiki/FLIR_Systems","FLIR Systems"
"NYSE_FLS","http://en.wikipedia.org/wiki/Flowserve_Corporation","Flowserve"
"NYSE_FLR","http://en.wikipedia.org/wiki/Fluor_Corp.","Fluor Corporation"
"NYSE_FMC","http://en.wikipedia.org/wiki/FMC_Corporation","FMC Corporation"
"NYSE_FTI","http://en.wikipedia.org/wiki/FMC_Technologies_Inc.","FMC Technologies"
"NYSE_F","http://en.wikipedia.org/wiki/Ford_Motor","Ford Motor Company"
"NASDAQ_FOSL","http://en.wikipedia.org/wiki/Fossil","Fossil"
"NYSE_BEN","http://en.wikipedia.org/wiki/Franklin_Resources","Franklin Templeton Investments"
"NYSE_FCX","http://en.wikipedia.org/wiki/Freeport-McMoran_Cp_&_Gld","Freeport-McMoRan"
"NASDAQ_FTR","http://en.wikipedia.org/wiki/Frontier_Communications","Frontier Communications"
"NYSE_GME","http://en.wikipedia.org/wiki/GameStop_Corp.","GameStop"
"NYSE_GPS","http://en.wikipedia.org/wiki/Gap_(The)","Gap Inc."
"NASDAQ_GRMN","http://en.wikipedia.org/wiki/Garmin_Ltd.","Garmin"
"NYSE_GD","http://en.wikipedia.org/wiki/General_Dynamics","General Dynamics"
"NYSE_GE","http://en.wikipedia.org/wiki/General_Electric","General Electric"
"NYSE_GGP","http://en.wikipedia.org/wiki/General_Growth_Properties_Inc.","General Growth Properties"
"NYSE_GIS","http://en.wikipedia.org/wiki/General_Mills","General Mills"
"NYSE_GM","http://en.wikipedia.org/wiki/General_Motors","General Motors"
"NYSE_GPC","http://en.wikipedia.org/wiki/Genuine_Parts","Genuine Parts Company"
"NASDAQ_GILD","http://en.wikipedia.org/wiki/Gilead_Sciences","Gilead Sciences"
"NYSE_GS","http://en.wikipedia.org/wiki/Goldman_Sachs_Group","Goldman Sachs"
"NASDAQ_GT","http://en.wikipedia.org/wiki/Goodyear_Tire_&_Rubber","Goodyear Tire and Rubber Company"
"NYSE_GWW","http://en.wikipedia.org/wiki/Grainger_(W.W.)_Inc.","W. W. Grainger"
"NYSE_HAL","http://en.wikipedia.org/wiki/Halliburton_Co.","Halliburton"
"NYSE_HBI","http://en.wikipedia.org/wiki/Hanesbrands_Inc","Hanesbrands"
"NYSE_HOG","http://en.wikipedia.org/wiki/Harley-Davidson","Harley-Davidson"
"NYSE_HAR","http://en.wikipedia.org/wiki/Harman_Int'l_Industries","Harman International Industries"
"NYSE_HRS","http://en.wikipedia.org/wiki/Harris_Corporation","Harris Corporation"
"NYSE_HIG","http://en.wikipedia.org/wiki/Hartford_Financial_Svc.Gp.","The Hartford"
"NASDAQ_HAS","http://en.wikipedia.org/wiki/Hasbro_Inc.","Hasbro"
"NYSE_HCA","http://en.wikipedia.org/wiki/HCA_Holdings","Hospital Corporation of America"
"NYSE_HCP","http://en.wikipedia.org/wiki/HCP_Inc.","HCP, Inc."
"NYSE_HP","http://en.wikipedia.org/wiki/Helmerich_&_Payne","Helmerich & Payne"
"NYSE_HES","http://en.wikipedia.org/wiki/Hess_Corporation","Hess Corporation"
"NYSE_HPE","http://en.wikipedia.org/wiki/Hewlett_Packard_Enterprise","Hewlett Packard Enterprise"
"NYSE_HD","http://en.wikipedia.org/wiki/Home_Depot","The Home Depot"
"NYSE_HON","http://en.wikipedia.org/wiki/Honeywell_Int'l_Inc.","Honeywell"
"NYSE_HRL","http://en.wikipedia.org/wiki/Hormel_Foods_Corp.","Hormel"
"NYSE_HST","http://en.wikipedia.org/wiki/Host_Hotels_&_Resorts","Host Hotels & Resorts"
"NYSE_HPQ","http://en.wikipedia.org/wiki/HP_Inc.","HP Inc."
"NYSE_HUM","http://en.wikipedia.org/wiki/Humana_Inc.","Humana"
"NASDAQ_HBAN","http://en.wikipedia.org/wiki/Huntington_Bancshares","Huntington Bancshares"
"NYSE_ITW","http://en.wikipedia.org/wiki/Illinois_Tool_Works","Illinois Tool Works"
"NASDAQ_ILMN","http://en.wikipedia.org/wiki/Illumina_(company)","Illumina (company)"
"NYSE_IR","http://en.wikipedia.org/wiki/Ingersoll-Rand_PLC","Ingersoll Rand"
"NASDAQ_INTC","http://en.wikipedia.org/wiki/Intel_Corp.","Intel"
"NYSE_ICE","http://en.wikipedia.org/wiki/Intercontinental_Exchange","Intercontinental Exchange"
"NYSE_IBM","http://en.wikipedia.org/wiki/International_Bus._Machines","IBM"
"NYSE_IP","http://en.wikipedia.org/wiki/International_Paper","International Paper"
"NYSE_IPG","http://en.wikipedia.org/wiki/Interpublic_Group","Interpublic Group of Companies"
"NYSE_IFF","http://en.wikipedia.org/wiki/Intl_Flavors_&_Fragrances","International Flavors & Fragrances"
"NASDAQ_INTU","http://en.wikipedia.org/wiki/Intuit_Inc.","Intuit"
"NASDAQ_ISRG","http://en.wikipedia.org/wiki/Intuitive_Surgical_Inc.","Intuitive Surgical"
"NYSE_IVZ","http://en.wikipedia.org/wiki/Invesco_Ltd.","Invesco"
"NYSE_IRM","http://en.wikipedia.org/wiki/Iron_Mountain_Incorporated","Iron Mountain Incorporated"
"NYSE_JEC","http://en.wikipedia.org/wiki/Jacobs_Engineering_Group","Jacobs Engineering Group"
"NASDAQ_JBHT","http://en.wikipedia.org/wiki/J._B._Hunt_Transport_Services","J. B. Hunt"
"NYSE_JNJ","http://en.wikipedia.org/wiki/Johnson_&_Johnson","Johnson & Johnson"
"NYSE_JCI","http://en.wikipedia.org/wiki/Johnson_Controls","Johnson Controls"
"NYSE_JPM","http://en.wikipedia.org/wiki/JPMorgan_Chase_&_Co.","JPMorgan Chase"
"NYSE_JNPR","http://en.wikipedia.org/wiki/Juniper_Networks","Juniper Networks"
"NYSE_KSU","http://en.wikipedia.org/wiki/Kansas_City_Southern","Kansas City Southern (company)"
"NYSE_K","http://en.wikipedia.org/wiki/Kellogg_Co.","Kellogg's"
"NYSE_KEY","http://en.wikipedia.org/wiki/KeyCorp","KeyBank"
"NASDAQ_GMCR","http://en.wikipedia.org/wiki/Keurig_Green_Mountain","Keurig Green Mountain"
"NYSE_KMB","http://en.wikipedia.org/wiki/Kimberly-Clark","Kimberly-Clark"
"NYSE_KIM","http://en.wikipedia.org/wiki/Kimco_Realty","Kimco Realty"
"NYSE_KMI","http://en.wikipedia.org/wiki/Kinder_Morgan","Kinder Morgan"
"NASDAQ_KLAC","http://en.wikipedia.org/wiki/KLA-Tencor_Corp.","KLA-Tencor"
"NYSE_KSS","http://en.wikipedia.org/wiki/Kohl's_Corp.","Kohl's"
"NASDAQ_KHC","http://en.wikipedia.org/wiki/Kraft_Heinz","Kraft Heinz"
"NYSE_KR","http://en.wikipedia.org/wiki/Kroger_Co.","Kroger"
"NYSE_LB","http://en.wikipedia.org/wiki/L_Brands_Inc.","L Brands"
"NYSE_LLL","http://en.wikipedia.org/wiki/L-3_Communications_Holdings","L-3 Communications"
"NYSE_LH","http://en.wikipedia.org/wiki/Laboratory_Corp._of_America_Holding","LabCorp"
"NASDAQ_LRCX","http://en.wikipedia.org/wiki/Lam_Research","Lam Research"
"NYSE_LM","http://en.wikipedia.org/wiki/Legg_Mason","Legg Mason"
"NYSE_LEG","http://en.wikipedia.org/wiki/Leggett_&_Platt","Leggett & Platt"
"NYSE_LEN","http://en.wikipedia.org/wiki/Lennar_Corp.","Lennar Corporation"
"NYSE_LVLT","http://en.wikipedia.org/wiki/Level_3_Communications","Level 3 Communications"
"NYSE_LUK","http://en.wikipedia.org/wiki/Leucadia_National_Corp.","Leucadia National"
"NYSE_LLY","http://en.wikipedia.org/wiki/Lilly_(Eli)_&_Co.","Eli Lilly and Company"
"NYSE_LNC","http://en.wikipedia.org/wiki/Lincoln_National","Lincoln National Corporation"
"NASDAQ_LLTC","http://en.wikipedia.org/wiki/Linear_Technology_Corp.","Linear Technology"
"NYSE_LMT","http://en.wikipedia.org/wiki/Lockheed_Martin_Corp.","Lockheed Martin"
"NYSE_L","http://en.wikipedia.org/wiki/Loews_Corp.","Loews Corporation"
"NYSE_LOW","http://en.wikipedia.org/wiki/Lowe's_Cos.","Lowe's"
"NYSE_LYB","http://en.wikipedia.org/wiki/LyondellBasell","LyondellBasell"
"NYSE_MTB","http://en.wikipedia.org/wiki/M&T_Bank_Corp.","M&T Bank"
"NYSE_MAC","http://en.wikipedia.org/wiki/Macerich","Macerich"
"NYSE_M","http://en.wikipedia.org/wiki/Macy's_Inc.","Macy's, Inc."
"NYSE_MNK","http://en.wikipedia.org/wiki/Mallinckrodt_Plc","Mallinckrodt"
"NYSE_MRO","http://en.wikipedia.org/wiki/Marathon_Oil_Corp.","Marathon Oil"
"NYSE_MPC","http://en.wikipedia.org/wiki/Marathon_Petroleum","Marathon Petroleum"
"NASDAQ_MAR","http://en.wikipedia.org/wiki/Marriott_Int'l.","Marriott International"
"NYSE_MMC","http://en.wikipedia.org/wiki/Marsh_&_McLennan","Marsh & McLennan Companies"
"NYSE_MLM","http://en.wikipedia.org/wiki/Martin_Marietta_Materials","Martin Marietta Materials"
"NYSE_MAS","http://en.wikipedia.org/wiki/Masco_Corp.","Masco"
"NYSE_MA","http://en.wikipedia.org/wiki/Mastercard_Inc.","MasterCard"
"NASDAQ_MAT","http://en.wikipedia.org/wiki/Mattel_Inc.","Mattel"
"NYSE_MKC","http://en.wikipedia.org/wiki/McCormick_&_Co.","McCormick & Company"
"NYSE_MCD","http://en.wikipedia.org/wiki/McDonald's_Corp.","McDonald's"
"NYSE_MHFI","http://en.wikipedia.org/wiki/McGraw_Hill_Financial","McGraw Hill Financial"
"NYSE_MCK","http://en.wikipedia.org/wiki/McKesson_Corp.","McKesson Corporation"
"NYSE_MJN","http://en.wikipedia.org/wiki/Mead_Johnson","Mead Johnson"
"NYSE_MDT","http://en.wikipedia.org/wiki/Medtronic_plc","Medtronic"
"NYSE_MRK","http://en.wikipedia.org/wiki/Merck_&_Co.","Merck & Co."
"NYSE_MET","http://en.wikipedia.org/wiki/MetLife_Inc.","MetLife"
"NYSE_KORS","http://en.wikipedia.org/wiki/Michael_Kors_Holdings","Michael Kors"
"NASDAQ_MCHP","http://en.wikipedia.org/wiki/Microchip_Technology","Microchip Technology"
"NASDAQ_MU","http://en.wikipedia.org/wiki/Micron_Technology","Micron Technology"
"NASDAQ_MSFT","http://en.wikipedia.org/wiki/Microsoft_Corp.","Microsoft"
"NYSE_MHK","http://en.wikipedia.org/wiki/Mohawk_Industries","Mohawk Industries"
"NYSE_TAP","http://en.wikipedia.org/wiki/Molson_Coors_Brewing_Company","Molson Coors Brewing Company"
"NASDAQ_MDLZ","http://en.wikipedia.org/wiki/Mondelez","Mondelēz International"
"NYSE_MON","http://en.wikipedia.org/wiki/Monsanto_Co.","Monsanto"
"NASDAQ_MNST","http://en.wikipedia.org/wiki/Monster_Beverage","Monster Beverage"
"NYSE_MCO","http://en.wikipedia.org/wiki/Moody's_Corp","Moody's Corporation"
"NYSE_MS","http://en.wikipedia.org/wiki/Morgan_Stanley","Morgan Stanley"
"NYSE_MOS","http://en.wikipedia.org/wiki/The_Mosaic_Company","The Mosaic Company"
"NYSE_MSI","http://en.wikipedia.org/wiki/Motorola_Solutions_Inc.","Motorola Solutions"
"NYSE_MUR","http://en.wikipedia.org/wiki/Murphy_Oil","Murphy Oil"
"NASDAQ_MYL","http://en.wikipedia.org/wiki/Mylan_N.V.","Mylan"
"NASDAQ_NDAQ","https://en.wikipedia.org/wiki/Nasdaq,_Inc.","Nasdaq, Inc."
"NYSE_NOV","http://en.wikipedia.org/wiki/National_Oilwell_Varco_Inc.","National Oilwell Varco"
"NASDAQ_NAVI","http://en.wikipedia.org/wiki/Navient","Navient Corporation"
"NASDAQ_NTAP","http://en.wikipedia.org/wiki/NetApp","NetApp"
"NASDAQ_NFLX","http://en.wikipedia.org/wiki/Netflix_Inc.","Netflix"
"NYSE_NWL","http://en.wikipedia.org/wiki/Newell_Rubbermaid_Co.","Newell Rubbermaid"
"NYSE_NFX","http://en.wikipedia.org/wiki/Newfield_Exploration_Co","Newfield Exploration"
"NYSE_NEM","http://en.wikipedia.org/wiki/Newmont_Mining_Corp._(Hldg._Co.)","Newmont Mining Corporation"
"NASDAQ_NWSA","http://en.wikipedia.org/wiki/News_Corp._Class_A","News Corp"
"NASDAQ_NWS","http://en.wikipedia.org/wiki/News_Corp._Class_B","News Corp"
"NYSE_NEE","http://en.wikipedia.org/wiki/NextEra_Energy","NextEra Energy"
"NYSE_NLSN","http://en.wikipedia.org/wiki/Nielsen_Holdings","Nielsen N.V."
"NYSE_NKE","http://en.wikipedia.org/wiki/Nike_(company)","Nike, Inc."
"NYSE_NI","http://en.wikipedia.org/wiki/NiSource_Inc.","NiSource"
"NYSE_NBL","http://en.wikipedia.org/wiki/Noble_Energy_Inc","Noble Energy"
"NYSE_JWN","http://en.wikipedia.org/wiki/Nordstrom","Nordstrom"
"NYSE_NSC","http://en.wikipedia.org/wiki/Norfolk_Southern_Corp.","Norfolk Southern Railway"
"NASDAQ_NTRS","http://en.wikipedia.org/wiki/Northern_Trust_Corp.","Northern Trust"
"NYSE_NOC","http://en.wikipedia.org/wiki/Northrop_Grumman_Corp.","Northrop Grumman"
"NYSE_NRG","http://en.wikipedia.org/wiki/NRG_Energy","NRG Energy"
"NYSE_NUE","http://en.wikipedia.org/wiki/Nucor_Corp.","Nucor"
"NASDAQ_NVDA","http://en.wikipedia.org/wiki/Nvidia_Corporation","Nvidia"
"NASDAQ_ORLY","http://en.wikipedia.org/wiki/O'Reilly_Automotive","O'Reilly Automotive"
"NYSE_OXY","http://en.wikipedia.org/wiki/Occidental_Petroleum","Occidental Petroleum"
"NYSE_OMC","http://en.wikipedia.org/wiki/Omnicom_Group","Omnicom Group"
"NYSE_OKE","http://en.wikipedia.org/wiki/ONEOK","ONEOK"
"NYSE_ORCL","http://en.wikipedia.org/wiki/Oracle_Corp.","Oracle Corporation"
"NYSE_OI","http://en.wikipedia.org/wiki/Owens-Illinois_Inc","Owens-Illinois"
"NASDAQ_PCAR","http://en.wikipedia.org/wiki/PACCAR_Inc.","Paccar"
"NYSE_PH","http://en.wikipedia.org/wiki/Parker-Hannifin","Parker Hannifin"
"NASDAQ_PDCO","http://en.wikipedia.org/wiki/Patterson_Companies","Patterson Companies"
"NASDAQ_PAYX","http://en.wikipedia.org/wiki/Paychex_Inc.","Paychex"
"NASDAQ_PYPL","http://en.wikipedia.org/wiki/PayPal","PayPal"
"NYSE_PNR","http://en.wikipedia.org/wiki/Pentair","Pentair"
"NASDAQ_PBCT","http://en.wikipedia.org/wiki/People's_United_Financial","People's United Financial"
"NYSE_POM","http://en.wikipedia.org/wiki/Pepco_Holdings_Inc.","Pepco Holdings"
"NYSE_PEP","http://en.wikipedia.org/wiki/PepsiCo_Inc.","PepsiCo"
"NYSE_PKI","http://en.wikipedia.org/wiki/PerkinElmer","PerkinElmer"
"NYSE_PRGO","http://en.wikipedia.org/wiki/Perrigo","Perrigo"
"NYSE_PFE","http://en.wikipedia.org/wiki/Pfizer_Inc.","Pfizer"
"NYSE_PCG","http://en.wikipedia.org/wiki/PG&E_Corp.","Pacific Gas and Electric Company"
"NYSE_PM","http://en.wikipedia.org/wiki/Philip_Morris_International","Philip Morris International"
"NYSE_PSX","http://en.wikipedia.org/wiki/Phillips_66","Phillips 66"
"NYSE_PNW","http://en.wikipedia.org/wiki/Pinnacle_West_Capital","Arizona Public Service"
"NYSE_PXD","http://en.wikipedia.org/wiki/Pioneer_Natural_Resources","Pioneer Natural Resources"
"NYSE_PBI","http://en.wikipedia.org/wiki/Pitney-Bowes","Pitney Bowes"
"NYSE_PCL","http://en.wikipedia.org/wiki/Plum_Creek_Timber_Co.","Plum Creek Timber"
"NYSE_PNC","http://en.wikipedia.org/wiki/PNC_Financial_Services","PNC Financial Services"
"NYSE_RL","http://en.wikipedia.org/wiki/Polo_Ralph_Lauren_Corp.","Ralph Lauren Corporation"
"NYSE_PPG","http://en.wikipedia.org/wiki/PPG_Industries","PPG Industries"
"NYSE_PPL","http://en.wikipedia.org/wiki/PPL_Corp.","PPL Corporation"
"NYSE_PX","http://en.wikipedia.org/wiki/Praxair_Inc.","Praxair"
"NYSE_PCP","http://en.wikipedia.org/wiki/Precision_Castparts","Precision Castparts Corp."
"NASDAQ_PCLN","http://en.wikipedia.org/wiki/Priceline.com_Inc","Priceline.com"
"NYSE_PFG","http://en.wikipedia.org/wiki/Principal_Financial_Group","Principal Financial Group"
"NYSE_PG","http://en.wikipedia.org/wiki/Procter_&_Gamble","Procter & Gamble"
"NYSE_PGR","http://en.wikipedia.org/wiki/Progressive_Corp.","Progressive Corporation"
"NYSE_PLD","http://en.wikipedia.org/wiki/Prologis","Prologis"
"NYSE_PRU","http://en.wikipedia.org/wiki/Prudential_Financial","Prudential Financial"
"NYSE_PEG","http://en.wikipedia.org/wiki/Public_Serv._Enterprise_Inc.","Public Service Enterprise Group"
"NYSE_PSA","http://en.wikipedia.org/wiki/Public_Storage","Public Storage"
"NYSE_PHM","http://en.wikipedia.org/wiki/Pulte_Homes_Inc.","PulteGroup"
"NYSE_PVH","http://en.wikipedia.org/wiki/PVH_Corp.","PVH (company)"
"NASDAQ_QRVO","http://en.wikipedia.org/wiki/Qorvo","Qorvo"
"NYSE_PWR","http://en.wikipedia.org/wiki/Quanta_Services_Inc.","Quanta Services"
"NASDAQ_QCOM","http://en.wikipedia.org/wiki/QUALCOMM_Inc.","Qualcomm"
"NYSE_DGX","http://en.wikipedia.org/wiki/Quest_Diagnostics","Quest Diagnostics"
"NYSE_RRC","http://en.wikipedia.org/wiki/Range_Resources","Range Resources"
"NYSE_RTN","http://en.wikipedia.org/wiki/Raytheon_Co.","Raytheon"
"NYSE_O","http://en.wikipedia.org/wiki/Realty_Income_Corporation","Realty Income Corporation"
"NYSE_RHT","http://en.wikipedia.org/wiki/Red_Hat_Inc.","Red Hat"
"NASDAQ_REGN","http://en.wikipedia.org/wiki/Regeneron","Regeneron"
"NYSE_RF","http://en.wikipedia.org/wiki/Regions_Financial_Corp.","Regions Financial Corporation"
"NYSE_RSG","http://en.wikipedia.org/wiki/Republic_Services_Inc","Republic Services"
"NYSE_RAI","http://en.wikipedia.org/wiki/Reynolds_American_Inc.","Reynolds American"
"NYSE_RHI","http://en.wikipedia.org/wiki/Robert_Half_International","Robert Half International"
"NYSE_ROK","http://en.wikipedia.org/wiki/Rockwell_Automation_Inc.","Rockwell Automation"
"NYSE_COL","http://en.wikipedia.org/wiki/Rockwell_Collins","Rockwell Collins"
"NYSE_ROP","http://en.wikipedia.org/wiki/Roper_Industries","Roper Technologies"
"NASDAQ_ROST","http://en.wikipedia.org/wiki/Ross_Stores","Ross Stores"
"NYSE_RCL","http://en.wikipedia.org/wiki/Royal_Caribbean_Cruises_Ltd","Royal Caribbean Cruises Ltd."
"NYSE_R","http://en.wikipedia.org/wiki/Ryder_System","Ryder"
"NYSE_CRM","http://en.wikipedia.org/wiki/Salesforce.com","Salesforce.com"
"NASDAQ_SNDK","http://en.wikipedia.org/wiki/SanDisk_Corporation","SanDisk"
"NYSE_SCG","http://en.wikipedia.org/wiki/SCANA_Corp","SCANA"
"NYSE_SLB","http://en.wikipedia.org/wiki/Schlumberger_Ltd.","Schlumberger"
"NYSE_SNI","http://en.wikipedia.org/wiki/Scripps_Networks_Interactive_Inc.","Scripps Networks Interactive"
"NASDAQ_STX","http://en.wikipedia.org/wiki/Seagate_Technology","Seagate Technology"
"NYSE_SEE","http://en.wikipedia.org/wiki/Sealed_Air_Corp.(New)","Sealed Air"
"NYSE_SRE","http://en.wikipedia.org/wiki/Sempra_Energy","Sempra Energy"
"NYSE_SHW","http://en.wikipedia.org/wiki/Sherwin-Williams","Sherwin-Williams"
"NYSE_SIG","http://en.wikipedia.org/wiki/Signet_Jewelers","Signet Jewelers"
"NYSE_SPG","http://en.wikipedia.org/wiki/Simon_Property_Group_Inc","Simon Property Group"
"NASDAQ_SWKS","http://en.wikipedia.org/wiki/Skyworks_Solutions","Skyworks Solutions"
"NYSE_SLG","http://en.wikipedia.org/wiki/SL_Green_Realty","SL Green Realty"
"NYSE_SJM","http://en.wikipedia.org/wiki/Smucker_(J.M.)","The J.M. Smucker Company"
"NYSE_SNA","http://en.wikipedia.org/wiki/Snap-On_Inc.","Snap-on"
"NYSE_SO","http://en.wikipedia.org/wiki/Southern_Co.","Southern Company"
"NYSE_LUV","http://en.wikipedia.org/wiki/Southwest_Airlines","Southwest Airlines"
"NYSE_SWN","http://en.wikipedia.org/wiki/Southwestern_Energy","Southwestern Energy"
"NYSE_SE","http://en.wikipedia.org/wiki/Spectra_Energy_Corp.","Spectra Energy"
"NYSE_STJ","http://en.wikipedia.org/wiki/St_Jude_Medical","St. Jude Medical"
"NYSE_SWK","http://en.wikipedia.org/wiki/Stanley_Black_&_Decker","Stanley Black & Decker"
"NASDAQ_SPLS","http://en.wikipedia.org/wiki/Staples_Inc.","Staples Inc."
"NASDAQ_SBUX","http://en.wikipedia.org/wiki/Starbucks_Corp.","Starbucks"
"NYSE_HOT","http://en.wikipedia.org/wiki/Starwood_Hotels_&_Resorts","Starwood Hotels and Resorts Worldwide"
"NYSE_STT","http://en.wikipedia.org/wiki/State_Street_Corp.","State Street Corporation"
"NASDAQ_SRCL","http://en.wikipedia.org/wiki/Stericycle_Inc","Stericycle"
"NYSE_SYK","http://en.wikipedia.org/wiki/Stryker_Corp.","Stryker Corporation"
"NYSE_STI","http://en.wikipedia.org/wiki/SunTrust_Banks","SunTrust Banks"
"NASDAQ_SYMC","http://en.wikipedia.org/wiki/Symantec_Corp.","Symantec"
"NYSE_SYF","http://en.wikipedia.org/wiki/Synchrony_Financial","Synchrony Financial"
"NYSE_SYY","http://en.wikipedia.org/wiki/Sysco_Corp.","Sysco"
"NASDAQ_TROW","http://en.wikipedia.org/wiki/T._Rowe_Price_Group","T. Rowe Price"
"NYSE_TGT","http://en.wikipedia.org/wiki/Target_Corp.","Target Corporation"
"NYSE_TEL","http://en.wikipedia.org/wiki/TE_Connectivity","TE Connectivity"
"NYSE_TE","http://en.wikipedia.org/wiki/TECO_Energy","TECO Energy"
"NYSE_TGNA","http://en.wikipedia.org/wiki/Gannett_Co.","Gannett Company"
"NYSE_THC","http://en.wikipedia.org/wiki/Tenet_Healthcare_Corp.","Tenet Healthcare"
"NYSE_TDC","http://en.wikipedia.org/wiki/Teradata_Corp.","Teradata"
"NYSE_TSO","http://en.wikipedia.org/wiki/Tesoro_Petroleum_Co.","Tesoro"
"NASDAQ_TXN","http://en.wikipedia.org/wiki/Texas_Instruments","Texas Instruments"
"NYSE_TXT","http://en.wikipedia.org/wiki/Textron_Inc.","Textron"
"NYSE_HSY","http://en.wikipedia.org/wiki/The_Hershey_Company","The Hershey Company"
"NYSE_TRV","http://en.wikipedia.org/wiki/The_Travelers_Companies_Inc.","The Travelers Companies"
"NYSE_TMO","http://en.wikipedia.org/wiki/Thermo_Fisher_Scientific","Thermo Fisher Scientific"
"NYSE_TIF","http://en.wikipedia.org/wiki/Tiffany_&_Co.","Tiffany & Co."
"NYSE_TWX","http://en.wikipedia.org/wiki/Time_Warner_Inc.","Time Warner"
"NYSE_TWC","http://en.wikipedia.org/wiki/Time_Warner_Cable_Inc.","Time Warner Cable"
"NYSE_TJX","http://en.wikipedia.org/wiki/TJX_Companies_Inc.","TJX Companies"
"NYSE_TMK","http://en.wikipedia.org/wiki/Torchmark_Corp.","Torchmark"
"NYSE_TSS","http://en.wikipedia.org/wiki/Total_System_Services","TSYS"
"NASDAQ_TSCO","http://en.wikipedia.org/wiki/Tractor_Supply_Company","Tractor Supply Company"
"NYSE_RIG","http://en.wikipedia.org/wiki/Transocean","Transocean"
"NASDAQ_TRIP","http://en.wikipedia.org/wiki/TripAdvisor","TripAdvisor"
"NASDAQ_FOXA","http://en.wikipedia.org/wiki/Twenty-First_Century_Fox_Class_A","21st Century Fox"
"NASDAQ_FOX","http://en.wikipedia.org/wiki/Twenty-First_Century_Fox_Class_B","21st Century Fox"
"NYSE_TSN","http://en.wikipedia.org/wiki/Tyson_Foods","Tyson Foods"
"NYSE_TYC","http://en.wikipedia.org/wiki/Tyco_International","Tyco International"
"NYSE_USB","http://en.wikipedia.org/wiki/U.S._Bancorp","U.S. Bancorp"
"NYSE_UA","http://en.wikipedia.org/wiki/Under_Armour","Under Armour"
"NYSE_UNP","http://en.wikipedia.org/wiki/Union_Pacific","Union Pacific Railroad"
"NYSE_UAL","http://en.wikipedia.org/wiki/United_Continental_Holdings","United Continental Holdings"
"NYSE_UNH","http://en.wikipedia.org/wiki/United_Health_Group_Inc.","UnitedHealth Group"
"NYSE_UPS","http://en.wikipedia.org/wiki/United_Parcel_Service","United Parcel Service"
"NYSE_URI","http://en.wikipedia.org/wiki/United_Rentals","United Rentals"
"NYSE_UTX","http://en.wikipedia.org/wiki/United_Technologies","United Technologies Corporation"
"NYSE_UHS","http://en.wikipedia.org/wiki/Universal_Health_Services","Universal Health Services"
"NYSE_UNM","http://en.wikipedia.org/wiki/Unum_Group","Unum"
"NASDAQ_URBN","http://en.wikipedia.org/wiki/Urban_Outfitters","Urban Outfitters"
"NYSE_VFC","http://en.wikipedia.org/wiki/V.F._Corp.","VF Corporation"
"NYSE_VLO","http://en.wikipedia.org/wiki/Valero_Energy","Valero Energy"
"NYSE_VAR","http://en.wikipedia.org/wiki/Varian_Medical_Systems","Varian Medical Systems"
"NYSE_VTR","http://en.wikipedia.org/wiki/Ventas_Inc","Ventas"
"NASDAQ_VRSN","http://en.wikipedia.org/wiki/Verisign_Inc.","Verisign"
"NASDAQ_VRSK","http://en.wikipedia.org/wiki/Verisk_Analytics","Verisk Analytics"
"NYSE_VZ","http://en.wikipedia.org/wiki/Verizon_Communications","Verizon Communications"
"NASDAQ_VRTX","http://en.wikipedia.org/wiki/Vertex_Pharmaceuticals","Vertex Pharmaceuticals"
"NASDAQ_VIAB","http://en.wikipedia.org/wiki/Viacom_Inc.","Viacom"
"NYSE_V","http://en.wikipedia.org/wiki/Visa_Inc.","Visa Inc."
"NYSE_VNO","http://en.wikipedia.org/wiki/Vornado_Realty_Trust","Vornado Realty Trust"
"NYSE_VMC","http://en.wikipedia.org/wiki/Vulcan_Materials","Vulcan Materials Company"
"NYSE_WMT","http://en.wikipedia.org/wiki/Wal-Mart_Stores","Walmart"
"NASDAQ_WBA","http://en.wikipedia.org/wiki/Walgreens_Boots_Alliance","Walgreens Boots Alliance"
"NYSE_DIS","http://en.wikipedia.org/wiki/The_Walt_Disney_Company","The Walt Disney Company"
"NYSE_WM","http://en.wikipedia.org/wiki/Waste_Management_Inc.","Waste Management (corporation)"
"NYSE_WAT","http://en.wikipedia.org/wiki/Waters_Corporation","Waters Corporation"
"NYSE_ANTM","http://en.wikipedia.org/wiki/Anthem_Inc.","Anthem Inc."
"NYSE_WFC","http://en.wikipedia.org/wiki/Wells_Fargo","Wells Fargo"
"NYSE_HCN","http://en.wikipedia.org/wiki/Welltower_Inc.","Welltower"
"NASDAQ_WDC","http://en.wikipedia.org/wiki/Western_Digital","Western Digital"
"NYSE_WU","http://en.wikipedia.org/wiki/Western_Union_Co","Western Union"
"NYSE_WY","http://en.wikipedia.org/wiki/Weyerhaeuser_Corp.","Weyerhaeuser"
"NYSE_WHR","http://en.wikipedia.org/wiki/Whirlpool_Corp.","Whirlpool Corporation"
"NASDAQ_WFM","http://en.wikipedia.org/wiki/Whole_Foods_Market","Whole Foods Market"
"NYSE_WMB","http://en.wikipedia.org/wiki/Williams_Cos.","Williams Companies"
"NYSE_WEC","http://en.wikipedia.org/wiki/Wisconsin_Energy_Corporation","WEC Energy Group"
"NYSE_WYN","http://en.wikipedia.org/wiki/Wyndham_Worldwide","Wyndham Worldwide"
"NASDAQ_WYNN","http://en.wikipedia.org/wiki/Wynn_Resorts_Ltd","Wynn Resorts"
"NYSE_XEL","http://en.wikipedia.org/wiki/Xcel_Energy_Inc","Xcel Energy"
"NYSE_XRX","http://en.wikipedia.org/wiki/Xerox_Corp.","Xerox"
"NASDAQ_XLNX","http://en.wikipedia.org/wiki/Xilinx_Inc","Xilinx"
"NYSE_XL","http://en.wikipedia.org/wiki/XL_Capital","XL Catlin"
"NYSE_XYL","http://en.wikipedia.org/wiki/Xylem_Inc.","Xylem Inc."
"NASDAQ_YHOO","http://en.wikipedia.org/wiki/Yahoo_Inc.","Yahoo!"
"NYSE_YUM","http://en.wikipedia.org/wiki/Yum!_Brands_Inc","Yum! Brands"
"NYSE_ZBH","http://en.wikipedia.org/wiki/Zimmer_Holdings","Zimmer Biomet"
"NASDAQ_ZION","http://en.wikipedia.org/wiki/Zions_Bancorp","Zions Bancorporation"
"NYSE_ZTS","http://en.wikipedia.org/wiki/Zoetis","Zoetis"
