NYSE_MMM,http://en.wikipedia.org/wiki/3M
NYSE_ABT,http://en.wikipedia.org/wiki/Abbott_Laboratories
NYSE_ABBV,http://en.wikipedia.org/wiki/AbbVie
NYSE_ACN,http://en.wikipedia.org/wiki/Accenture_plc
NYSE_ACE,http://en.wikipedia.org/wiki/ACE_Limited
NASDAQ_ATVI,http://en.wikipedia.org/wiki/Activision_Blizzard
NASDAQ_ADBE,http://en.wikipedia.org/wiki/Adobe_Systems_Inc
NYSE_ADT,http://en.wikipedia.org/wiki/ADT_Corp
NYSE_AAP,http://en.wikipedia.org/wiki/Advance_Auto_Parts
NYSE_AES,http://en.wikipedia.org/wiki/AES_Corp
NYSE_AET,http://en.wikipedia.org/wiki/Aetna_Inc
NYSE_AFL,http://en.wikipedia.org/wiki/AFLAC_Inc
NYSE_AMG,http://en.wikipedia.org/wiki/Affiliated_Managers_Group_Inc
NYSE_A,http://en.wikipedia.org/wiki/Agilent_Technologies_Inc
NYSE_GAS,http://en.wikipedia.org/wiki/AGL_Resources_Inc.
NYSE_APD,http://en.wikipedia.org/wiki/Air_Products_&_Chemicals_Inc
NYSE_ARG,http://en.wikipedia.org/wiki/Airgas_Inc
NASDAQ_AKAM,http://en.wikipedia.org/wiki/Akamai_Technologies_Inc
NYSE_AA,http://en.wikipedia.org/wiki/Alcoa_Inc
NYSE_AGN,http://en.wikipedia.org/wiki/Allergan
NASDAQ_ALXN,http://en.wikipedia.org/wiki/Alexion_Pharmaceuticals
NYSE_ALLE,http://en.wikipedia.org/wiki/Allegion
NYSE_ADS,http://en.wikipedia.org/wiki/Alliance_Data_Systems
NYSE_ALL,http://en.wikipedia.org/wiki/Allstate_Corp
NASDAQ_GOOGL,http://en.wikipedia.org/wiki/Alphabet_Inc_Class_A
NASDAQ_GOOG,http://en.wikipedia.org/wiki/Alphabet_Inc_Class_C
NASDAQ_ALTR,http://en.wikipedia.org/wiki/Altera_Corp
NYSE_MO,http://en.wikipedia.org/wiki/Altria_Group_Inc
NASDAQ_AMZN,http://en.wikipedia.org/wiki/Amazon.com_Inc
NYSE_AEE,http://en.wikipedia.org/wiki/Ameren_Corp
NASDAQ_AAL,http://en.wikipedia.org/wiki/American_Airlines_Group
NYSE_AEP,http://en.wikipedia.org/wiki/American_Electric_Power
NYSE_AXP,http://en.wikipedia.org/wiki/American_Express_Co
NYSE_AIG,http://en.wikipedia.org/wiki/American_International_Group
NYSE_AMT,http://en.wikipedia.org/wiki/American_Tower_Corp_A
NYSE_AMP,http://en.wikipedia.org/wiki/Ameriprise_Financial
NYSE_ABC,http://en.wikipedia.org/wiki/AmerisourceBergen_Corp
NYSE_AME,http://en.wikipedia.org/wiki/Ametek
NASDAQ_AMGN,http://en.wikipedia.org/wiki/Amgen_Inc
NYSE_APH,http://en.wikipedia.org/wiki/Amphenol_Corp_A
NYSE_APC,http://en.wikipedia.org/wiki/Anadarko_Petroleum
NASDAQ_ADI,http://en.wikipedia.org/wiki/Analog_Devices
NYSE_AON,http://en.wikipedia.org/wiki/Aon_plc
NYSE_APA,http://en.wikipedia.org/wiki/Apache_Corporation
NYSE_AIV,http://en.wikipedia.org/wiki/Apartment_Investment_&_Mgmt
NASDAQ_AAPL,http://en.wikipedia.org/wiki/Apple_Inc.
NASDAQ_AMAT,http://en.wikipedia.org/wiki/Applied_Materials_Inc
NYSE_ADM,http://en.wikipedia.org/wiki/Archer-Daniels-Midland_Co
NYSE_AIZ,http://en.wikipedia.org/wiki/Assurant_Inc
NYSE_T,http://en.wikipedia.org/wiki/AT&T_Inc
NASDAQ_ADSK,http://en.wikipedia.org/wiki/Autodesk_Inc
NASDAQ_ADP,http://en.wikipedia.org/wiki/Automatic_Data_Processing
NYSE_AN,http://en.wikipedia.org/wiki/AutoNation_Inc
NYSE_AZO,http://en.wikipedia.org/wiki/AutoZone_Inc
NASDAQ_AVGO,http://en.wikipedia.org/wiki/Avago_Technologies
NYSE_AVB,http://en.wikipedia.org/wiki/AvalonBay_Communities,_Inc.
NYSE_AVY,http://en.wikipedia.org/wiki/Avery_Dennison_Corp
NYSE_BHI,http://en.wikipedia.org/wiki/Baker_Hughes_Inc
NYSE_BLL,http://en.wikipedia.org/wiki/Ball_Corp
NYSE_BAC,http://en.wikipedia.org/wiki/Bank_of_America_Corp
NYSE_BK,http://en.wikipedia.org/wiki/The_Bank_of_New_York_Mellon_Corp.
NYSE_BCR,http://en.wikipedia.org/wiki/Bard_(C.R.)_Inc.
NYSE_BXLT,http://en.wikipedia.org/wiki/Baxalta
NYSE_BAX,http://en.wikipedia.org/wiki/Baxter_International_Inc.
NYSE_BBT,http://en.wikipedia.org/wiki/BB&T_Corporation
NYSE_BDX,http://en.wikipedia.org/wiki/Becton_Dickinson
NASDAQ_BBBY,http://en.wikipedia.org/wiki/Bed_Bath_&_Beyond
NYSE_BRK-B,http://en.wikipedia.org/wiki/Berkshire_Hathaway
NYSE_BBY,http://en.wikipedia.org/wiki/Best_Buy_Co._Inc.
NASDAQ_BIIB,http://en.wikipedia.org/wiki/BIOGEN_IDEC_Inc.
NYSE_BLK,http://en.wikipedia.org/wiki/BlackRock
NYSE_HRB,http://en.wikipedia.org/wiki/Block_H&R
NYSE_BA,http://en.wikipedia.org/wiki/Boeing_Company
NYSE_BWA,http://en.wikipedia.org/wiki/BorgWarner
NYSE_BXP,http://en.wikipedia.org/wiki/Boston_Properties
NYSE_BSX,http://en.wikipedia.org/wiki/Boston_Scientific
NYSE_BMY,http://en.wikipedia.org/wiki/Bristol-Myers_Squibb
NASDAQ_BRCM,http://en.wikipedia.org/wiki/Broadcom_Corporation
NYSE_BF-B,http://en.wikipedia.org/wiki/Brown-Forman_Corporation
NASDAQ_CHRW,http://en.wikipedia.org/wiki/C._H._Robinson_Worldwide
NASDAQ_CA,http://en.wikipedia.org/wiki/CA,_Inc.
NYSE_CVC,http://en.wikipedia.org/wiki/Cablevision
NYSE_COG,http://en.wikipedia.org/wiki/Cabot_Oil_&_Gas
NYSE_CAM,http://en.wikipedia.org/wiki/Cameron_International_Corp.
NYSE_CPB,http://en.wikipedia.org/wiki/Campbell_Soup
NYSE_COF,http://en.wikipedia.org/wiki/Capital_One_Financial
NYSE_CAH,http://en.wikipedia.org/wiki/Cardinal_Health_Inc.
NASDAQ_HSIC,http://en.wikipedia.org/wiki/Henry_Schein
NYSE_KMX,http://en.wikipedia.org/wiki/Carmax_Inc
NYSE_CCL,http://en.wikipedia.org/wiki/Carnival_Corp.
NYSE_CAT,http://en.wikipedia.org/wiki/Caterpillar_Inc.
NYSE_CBG,http://en.wikipedia.org/wiki/CBRE_Group
NYSE_CBS,http://en.wikipedia.org/wiki/CBS_Corp.
NASDAQ_CELG,http://en.wikipedia.org/wiki/Celgene_Corp.
NYSE_CNP,http://en.wikipedia.org/wiki/CenterPoint_Energy
NYSE_CTL,http://en.wikipedia.org/wiki/CenturyLink_Inc
NASDAQ_CERN,http://en.wikipedia.org/wiki/Cerner
NYSE_CF,http://en.wikipedia.org/wiki/CF_Industries_Holdings_Inc
NYSE_SCHW,http://en.wikipedia.org/wiki/Charles_Schwab_Corporation
NYSE_CHK,http://en.wikipedia.org/wiki/Chesapeake_Energy
NYSE_CVX,http://en.wikipedia.org/wiki/Chevron_Corp.
NYSE_CMG,http://en.wikipedia.org/wiki/Chipotle_Mexican_Grill
NYSE_CB,http://en.wikipedia.org/wiki/Chubb_Corp.
NYSE_CI,http://en.wikipedia.org/wiki/CIGNA_Corp.
NYSE_XEC,http://en.wikipedia.org/wiki/Cimarex_Energy
NASDAQ_CINF,http://en.wikipedia.org/wiki/Cincinnati_Financial
NASDAQ_CTAS,http://en.wikipedia.org/wiki/Cintas_Corporation
NASDAQ_CSCO,http://en.wikipedia.org/wiki/Cisco_Systems
NYSE_C,http://en.wikipedia.org/wiki/Citigroup_Inc.
NASDAQ_CTXS,http://en.wikipedia.org/wiki/Citrix_Systems
NYSE_CLX,http://en.wikipedia.org/wiki/The_Clorox_Company
NASDAQ_CME,http://en.wikipedia.org/wiki/CME_Group_Inc.
NYSE_CMS,http://en.wikipedia.org/wiki/CMS_Energy
NYSE_COH,http://en.wikipedia.org/wiki/Coach_Inc.
NYSE_KO,http://en.wikipedia.org/wiki/The_Coca_Cola_Company
NYSE_CCE,http://en.wikipedia.org/wiki/Coca-Cola_Enterprises
NASDAQ_CTSH,http://en.wikipedia.org/wiki/Cognizant_Technology_Solutions
NYSE_CL,http://en.wikipedia.org/wiki/Colgate-Palmolive
NYSE_CPGX,http://en.wikipedia.org/wiki/Columbia_Pipeline_Group_Inc
NASDAQ_CMCSA,http://en.wikipedia.org/wiki/Comcast_A_Corp
NASDAQ_CMCSK,http://en.wikipedia.org/wiki/Comcast_Special_Corp_Class_A
NYSE_CMA,http://en.wikipedia.org/wiki/Comerica_Inc.
NYSE_CSC,http://en.wikipedia.org/wiki/Computer_Sciences_Corp.
NYSE_CAG,http://en.wikipedia.org/wiki/ConAgra_Foods_Inc.
NYSE_COP,http://en.wikipedia.org/wiki/ConocoPhillips
NYSE_CNX,http://en.wikipedia.org/wiki/CONSOL_Energy_Inc.
NYSE_ED,http://en.wikipedia.org/wiki/Consolidated_Edison
NYSE_STZ,http://en.wikipedia.org/wiki/Constellation_Brands
NYSE_GLW,http://en.wikipedia.org/wiki/Corning_Inc.
NASDAQ_COST,http://en.wikipedia.org/wiki/Costco_Co.
NYSE_CCI,http://en.wikipedia.org/wiki/Crown_Castle_International_Corp.
NYSE_CSX,http://en.wikipedia.org/wiki/CSX_Corp.
NYSE_CMI,http://en.wikipedia.org/wiki/Cummins_Inc.
NYSE_CVS,http://en.wikipedia.org/wiki/CVS_Caremark_Corp.
NYSE_DHI,http://en.wikipedia.org/wiki/D._R._Horton
NYSE_DHR,http://en.wikipedia.org/wiki/Danaher_Corp.
NYSE_DRI,http://en.wikipedia.org/wiki/Darden_Restaurants
NYSE_DVA,http://en.wikipedia.org/wiki/DaVita_Inc.
NYSE_DE,http://en.wikipedia.org/wiki/Deere_&_Co.
NYSE_DLPH,http://en.wikipedia.org/wiki/Delphi_Automotive
NYSE_DAL,http://en.wikipedia.org/wiki/Delta_Air_Lines
NASDAQ_XRAY,http://en.wikipedia.org/wiki/Dentsply_International
NYSE_DVN,http://en.wikipedia.org/wiki/Devon_Energy_Corp.
NYSE_DO,http://en.wikipedia.org/wiki/Diamond_Offshore_Drilling
NYSE_DFS,http://en.wikipedia.org/wiki/Discover_Financial
NASDAQ_DISCA,http://en.wikipedia.org/wiki/Discovery_Communications-A
NASDAQ_DISCK,http://en.wikipedia.org/wiki/Discovery_Communications-C
NYSE_DG,http://en.wikipedia.org/wiki/Dollar_General
NASDAQ_DLTR,http://en.wikipedia.org/wiki/Dollar_Tree
NYSE_D,http://en.wikipedia.org/wiki/Dominion_Resources
NYSE_DOV,http://en.wikipedia.org/wiki/Dover_Corp.
NYSE_DOW,http://en.wikipedia.org/wiki/Dow_Chemical
NYSE_DPS,http://en.wikipedia.org/wiki/Dr_Pepper_Snapple_Group
NYSE_DTE,http://en.wikipedia.org/wiki/DTE_Energy_Co.
NYSE_DD,http://en.wikipedia.org/wiki/Du_Pont_(E.I.)
NYSE_DUK,http://en.wikipedia.org/wiki/Duke_Energy
NYSE_DNB,http://en.wikipedia.org/wiki/Dun_&_Bradstreet
NASDAQ_ETFC,http://en.wikipedia.org/wiki/E*Trade
NYSE_EMN,http://en.wikipedia.org/wiki/Eastman_Chemical
NYSE_ETN,http://en.wikipedia.org/wiki/Eaton_Corporation
NASDAQ_EBAY,http://en.wikipedia.org/wiki/eBay_Inc.
NYSE_ECL,http://en.wikipedia.org/wiki/Ecolab_Inc.
NYSE_EIX,http://en.wikipedia.org/wiki/Edison_Int'l
NYSE_EW,http://en.wikipedia.org/wiki/Edwards_Lifesciences
NASDAQ_EA,http://en.wikipedia.org/wiki/Electronic_Arts
NYSE_EMC,http://en.wikipedia.org/wiki/EMC_Corp.
NYSE_EMR,http://en.wikipedia.org/wiki/Emerson_Electric_Company
NASDAQ_ENDP,http://en.wikipedia.org/wiki/Endo_International
NYSE_ESV,http://en.wikipedia.org/wiki/Ensco_plc
NYSE_ETR,http://en.wikipedia.org/wiki/Entergy_Corp.
NYSE_EOG,http://en.wikipedia.org/wiki/EOG_Resources
NYSE_EQT,http://en.wikipedia.org/wiki/EQT_Corporation
NYSE_EFX,http://en.wikipedia.org/wiki/Equifax_Inc.
NASDAQ_EQIX,http://en.wikipedia.org/wiki/Equinix
NYSE_EQR,http://en.wikipedia.org/wiki/Equity_Residential
NYSE_ESS,http://en.wikipedia.org/wiki/Essex_Property_Trust_Inc
NYSE_EL,http://en.wikipedia.org/wiki/Estee_Lauder_Cos.
NYSE_ES,http://en.wikipedia.org/wiki/Eversource_Energy
NYSE_EXC,http://en.wikipedia.org/wiki/Exelon_Corp.
NASDAQ_EXPE,http://en.wikipedia.org/wiki/Expedia_Inc.
NASDAQ_EXPD,http://en.wikipedia.org/wiki/Expeditors_Int'l
NASDAQ_ESRX,http://en.wikipedia.org/wiki/Express_Scripts
NYSE_XOM,http://en.wikipedia.org/wiki/Exxon_Mobil_Corp.
NASDAQ_FFIV,http://en.wikipedia.org/wiki/F5_Networks
NASDAQ_FB,http://en.wikipedia.org/wiki/Facebook
NASDAQ_FAST,http://en.wikipedia.org/wiki/Fastenal_Co
NYSE_FDX,http://en.wikipedia.org/wiki/FedEx_Corporation
NYSE_FIS,http://en.wikipedia.org/wiki/Fidelity_National_Information_Services
NASDAQ_FITB,http://en.wikipedia.org/wiki/Fifth_Third_Bancorp
NASDAQ_FSLR,http://en.wikipedia.org/wiki/First_Solar_Inc
NYSE_FE,http://en.wikipedia.org/wiki/FirstEnergy_Corp
NASDAQ_FISV,http://en.wikipedia.org/wiki/Fiserv_Inc
NASDAQ_FLIR,http://en.wikipedia.org/wiki/FLIR_Systems
NYSE_FLS,http://en.wikipedia.org/wiki/Flowserve_Corporation
NYSE_FLR,http://en.wikipedia.org/wiki/Fluor_Corp.
NYSE_FMC,http://en.wikipedia.org/wiki/FMC_Corporation
NYSE_FTI,http://en.wikipedia.org/wiki/FMC_Technologies_Inc.
NYSE_F,http://en.wikipedia.org/wiki/Ford_Motor
NASDAQ_FOSL,http://en.wikipedia.org/wiki/Fossil,_Inc.
NYSE_BEN,http://en.wikipedia.org/wiki/Franklin_Resources
NYSE_FCX,http://en.wikipedia.org/wiki/Freeport-McMoran_Cp_&_Gld
NASDAQ_FTR,http://en.wikipedia.org/wiki/Frontier_Communications
NYSE_GME,http://en.wikipedia.org/wiki/GameStop_Corp.
NYSE_GPS,http://en.wikipedia.org/wiki/Gap_(The)
NASDAQ_GRMN,http://en.wikipedia.org/wiki/Garmin_Ltd.
NYSE_GD,http://en.wikipedia.org/wiki/General_Dynamics
NYSE_GE,http://en.wikipedia.org/wiki/General_Electric
NYSE_GGP,http://en.wikipedia.org/wiki/General_Growth_Properties_Inc.
NYSE_GIS,http://en.wikipedia.org/wiki/General_Mills
NYSE_GM,http://en.wikipedia.org/wiki/General_Motors
NYSE_GPC,http://en.wikipedia.org/wiki/Genuine_Parts
NASDAQ_GILD,http://en.wikipedia.org/wiki/Gilead_Sciences
NYSE_GS,http://en.wikipedia.org/wiki/Goldman_Sachs_Group
NASDAQ_GT,http://en.wikipedia.org/wiki/Goodyear_Tire_&_Rubber
NYSE_GWW,http://en.wikipedia.org/wiki/Grainger_(W.W.)_Inc.
NYSE_HAL,http://en.wikipedia.org/wiki/Halliburton_Co.
NYSE_HBI,http://en.wikipedia.org/wiki/Hanesbrands_Inc
NYSE_HOG,http://en.wikipedia.org/wiki/Harley-Davidson
NYSE_HAR,http://en.wikipedia.org/wiki/Harman_Int'l_Industries
NYSE_HRS,http://en.wikipedia.org/wiki/Harris_Corporation
NYSE_HIG,http://en.wikipedia.org/wiki/Hartford_Financial_Svc.Gp.
NASDAQ_HAS,http://en.wikipedia.org/wiki/Hasbro_Inc.
NYSE_HCA,http://en.wikipedia.org/wiki/HCA_Holdings
NYSE_HCP,http://en.wikipedia.org/wiki/HCP_Inc.
NYSE_HP,http://en.wikipedia.org/wiki/Helmerich_&_Payne
NYSE_HES,http://en.wikipedia.org/wiki/Hess_Corporation
NYSE_HPE,http://en.wikipedia.org/wiki/Hewlett_Packard_Enterprise
NYSE_HD,http://en.wikipedia.org/wiki/Home_Depot
NYSE_HON,http://en.wikipedia.org/wiki/Honeywell_Int'l_Inc.
NYSE_HRL,http://en.wikipedia.org/wiki/Hormel_Foods_Corp.
NYSE_HST,http://en.wikipedia.org/wiki/Host_Hotels_&_Resorts
NYSE_HPQ,http://en.wikipedia.org/wiki/HP_Inc.
NYSE_HUM,http://en.wikipedia.org/wiki/Humana_Inc.
NASDAQ_HBAN,http://en.wikipedia.org/wiki/Huntington_Bancshares
NYSE_ITW,http://en.wikipedia.org/wiki/Illinois_Tool_Works
NASDAQ_ILMN,http://en.wikipedia.org/wiki/Illumina_(company)
NYSE_IR,http://en.wikipedia.org/wiki/Ingersoll-Rand_PLC
NASDAQ_INTC,http://en.wikipedia.org/wiki/Intel_Corp.
NYSE_ICE,http://en.wikipedia.org/wiki/Intercontinental_Exchange
NYSE_IBM,http://en.wikipedia.org/wiki/International_Bus._Machines
NYSE_IP,http://en.wikipedia.org/wiki/International_Paper
NYSE_IPG,http://en.wikipedia.org/wiki/Interpublic_Group
NYSE_IFF,http://en.wikipedia.org/wiki/Intl_Flavors_&_Fragrances
NASDAQ_INTU,http://en.wikipedia.org/wiki/Intuit_Inc.
NASDAQ_ISRG,http://en.wikipedia.org/wiki/Intuitive_Surgical_Inc.
NYSE_IVZ,http://en.wikipedia.org/wiki/Invesco_Ltd.
NYSE_IRM,http://en.wikipedia.org/wiki/Iron_Mountain_Incorporated
NYSE_JEC,http://en.wikipedia.org/wiki/Jacobs_Engineering_Group
NASDAQ_JBHT,http://en.wikipedia.org/wiki/J._B._Hunt_Transport_Services
NYSE_JNJ,http://en.wikipedia.org/wiki/Johnson_&_Johnson
NYSE_JCI,http://en.wikipedia.org/wiki/Johnson_Controls
NYSE_JPM,http://en.wikipedia.org/wiki/JPMorgan_Chase_&_Co.
NYSE_JNPR,http://en.wikipedia.org/wiki/Juniper_Networks
NYSE_KSU,http://en.wikipedia.org/wiki/Kansas_City_Southern
NYSE_K,http://en.wikipedia.org/wiki/Kellogg_Co.
NYSE_KEY,http://en.wikipedia.org/wiki/KeyCorp
NASDAQ_GMCR,http://en.wikipedia.org/wiki/Keurig_Green_Mountain
NYSE_KMB,http://en.wikipedia.org/wiki/Kimberly-Clark
NYSE_KIM,http://en.wikipedia.org/wiki/Kimco_Realty
NYSE_KMI,http://en.wikipedia.org/wiki/Kinder_Morgan
NASDAQ_KLAC,http://en.wikipedia.org/wiki/KLA-Tencor_Corp.
NYSE_KSS,http://en.wikipedia.org/wiki/Kohl's_Corp.
NASDAQ_KHC,http://en.wikipedia.org/wiki/Kraft_Heinz
NYSE_KR,http://en.wikipedia.org/wiki/Kroger_Co.
NYSE_LB,http://en.wikipedia.org/wiki/L_Brands_Inc.
NYSE_LLL,http://en.wikipedia.org/wiki/L-3_Communications_Holdings
NYSE_LH,http://en.wikipedia.org/wiki/Laboratory_Corp._of_America_Holding
NASDAQ_LRCX,http://en.wikipedia.org/wiki/Lam_Research
NYSE_LM,http://en.wikipedia.org/wiki/Legg_Mason
NYSE_LEG,http://en.wikipedia.org/wiki/Leggett_&_Platt
NYSE_LEN,http://en.wikipedia.org/wiki/Lennar_Corp.
NYSE_LVLT,http://en.wikipedia.org/wiki/Level_3_Communications
NYSE_LUK,http://en.wikipedia.org/wiki/Leucadia_National_Corp.
NYSE_LLY,http://en.wikipedia.org/wiki/Lilly_(Eli)_&_Co.
NYSE_LNC,http://en.wikipedia.org/wiki/Lincoln_National
NASDAQ_LLTC,http://en.wikipedia.org/wiki/Linear_Technology_Corp.
NYSE_LMT,http://en.wikipedia.org/wiki/Lockheed_Martin_Corp.
NYSE_L,http://en.wikipedia.org/wiki/Loews_Corp.
NYSE_LOW,http://en.wikipedia.org/wiki/Lowe's_Cos.
NYSE_LYB,http://en.wikipedia.org/wiki/LyondellBasell
NYSE_MTB,http://en.wikipedia.org/wiki/M&T_Bank_Corp.
NYSE_MAC,http://en.wikipedia.org/wiki/Macerich
NYSE_M,http://en.wikipedia.org/wiki/Macy's_Inc.
NYSE_MNK,http://en.wikipedia.org/wiki/Mallinckrodt_Plc
NYSE_MRO,http://en.wikipedia.org/wiki/Marathon_Oil_Corp.
NYSE_MPC,http://en.wikipedia.org/wiki/Marathon_Petroleum
NASDAQ_MAR,http://en.wikipedia.org/wiki/Marriott_Int'l.
NYSE_MMC,http://en.wikipedia.org/wiki/Marsh_&_McLennan
NYSE_MLM,http://en.wikipedia.org/wiki/Martin_Marietta_Materials
NYSE_MAS,http://en.wikipedia.org/wiki/Masco_Corp.
NYSE_MA,http://en.wikipedia.org/wiki/Mastercard_Inc.
NASDAQ_MAT,http://en.wikipedia.org/wiki/Mattel_Inc.
NYSE_MKC,http://en.wikipedia.org/wiki/McCormick_&_Co.
NYSE_MCD,http://en.wikipedia.org/wiki/McDonald's_Corp.
NYSE_MHFI,http://en.wikipedia.org/wiki/McGraw_Hill_Financial
NYSE_MCK,http://en.wikipedia.org/wiki/McKesson_Corp.
NYSE_MJN,http://en.wikipedia.org/wiki/Mead_Johnson
NYSE_WRK,http://en.wikipedia.org/wiki/Westrock_Co
NYSE_MDT,http://en.wikipedia.org/wiki/Medtronic_plc
NYSE_MRK,http://en.wikipedia.org/wiki/Merck_&_Co.
NYSE_MET,http://en.wikipedia.org/wiki/MetLife_Inc.
NYSE_KORS,http://en.wikipedia.org/wiki/Michael_Kors_Holdings
NASDAQ_MCHP,http://en.wikipedia.org/wiki/Microchip_Technology
NASDAQ_MU,http://en.wikipedia.org/wiki/Micron_Technology
NASDAQ_MSFT,http://en.wikipedia.org/wiki/Microsoft_Corp.
NYSE_MHK,http://en.wikipedia.org/wiki/Mohawk_Industries
NYSE_TAP,http://en.wikipedia.org/wiki/Molson_Coors_Brewing_Company
NASDAQ_MDLZ,http://en.wikipedia.org/wiki/Mondelez
NYSE_MON,http://en.wikipedia.org/wiki/Monsanto_Co.
NASDAQ_MNST,http://en.wikipedia.org/wiki/Monster_Beverage
NYSE_MCO,http://en.wikipedia.org/wiki/Moody's_Corp
NYSE_MS,http://en.wikipedia.org/wiki/Morgan_Stanley
NYSE_MOS,http://en.wikipedia.org/wiki/The_Mosaic_Company
NYSE_MSI,http://en.wikipedia.org/wiki/Motorola_Solutions_Inc.
NYSE_MUR,http://en.wikipedia.org/wiki/Murphy_Oil
NASDAQ_MYL,http://en.wikipedia.org/wiki/Mylan_N.V.
NASDAQ_NDAQ,"https://en.wikipedia.org/wiki/Nasdaq,_Inc."
NYSE_NOV,http://en.wikipedia.org/wiki/National_Oilwell_Varco_Inc.
NASDAQ_NAVI,http://en.wikipedia.org/wiki/Navient
NASDAQ_NTAP,http://en.wikipedia.org/wiki/NetApp
NASDAQ_NFLX,http://en.wikipedia.org/wiki/Netflix_Inc.
NYSE_NWL,http://en.wikipedia.org/wiki/Newell_Rubbermaid_Co.
NYSE_NFX,http://en.wikipedia.org/wiki/Newfield_Exploration_Co
NYSE_NEM,http://en.wikipedia.org/wiki/Newmont_Mining_Corp._(Hldg._Co.)
NASDAQ_NWSA,http://en.wikipedia.org/wiki/News_Corp._Class_A
NASDAQ_NWS,http://en.wikipedia.org/wiki/News_Corp._Class_B
NYSE_NEE,http://en.wikipedia.org/wiki/NextEra_Energy
NYSE_NLSN,http://en.wikipedia.org/wiki/Nielsen_Holdings
NYSE_NKE,http://en.wikipedia.org/wiki/Nike_(company)
NYSE_NI,http://en.wikipedia.org/wiki/NiSource_Inc.
NYSE_NBL,http://en.wikipedia.org/wiki/Noble_Energy_Inc
NYSE_JWN,http://en.wikipedia.org/wiki/Nordstrom
NYSE_NSC,http://en.wikipedia.org/wiki/Norfolk_Southern_Corp.
NASDAQ_NTRS,http://en.wikipedia.org/wiki/Northern_Trust_Corp.
NYSE_NOC,http://en.wikipedia.org/wiki/Northrop_Grumman_Corp.
NYSE_NRG,http://en.wikipedia.org/wiki/NRG_Energy
NYSE_NUE,http://en.wikipedia.org/wiki/Nucor_Corp.
NASDAQ_NVDA,http://en.wikipedia.org/wiki/Nvidia_Corporation
NASDAQ_ORLY,http://en.wikipedia.org/wiki/O'Reilly_Automotive
NYSE_OXY,http://en.wikipedia.org/wiki/Occidental_Petroleum
NYSE_OMC,http://en.wikipedia.org/wiki/Omnicom_Group
NYSE_OKE,http://en.wikipedia.org/wiki/ONEOK
NYSE_ORCL,http://en.wikipedia.org/wiki/Oracle_Corp.
NYSE_OI,http://en.wikipedia.org/wiki/Owens-Illinois_Inc
NASDAQ_PCAR,http://en.wikipedia.org/wiki/PACCAR_Inc.
NYSE_PH,http://en.wikipedia.org/wiki/Parker-Hannifin
NASDAQ_PDCO,http://en.wikipedia.org/wiki/Patterson_Companies
NASDAQ_PAYX,http://en.wikipedia.org/wiki/Paychex_Inc.
NASDAQ_PYPL,http://en.wikipedia.org/wiki/PayPal
NYSE_PNR,http://en.wikipedia.org/wiki/Pentair
NASDAQ_PBCT,http://en.wikipedia.org/wiki/People's_United_Financial
NYSE_POM,http://en.wikipedia.org/wiki/Pepco_Holdings_Inc.
NYSE_PEP,http://en.wikipedia.org/wiki/PepsiCo_Inc.
NYSE_PKI,http://en.wikipedia.org/wiki/PerkinElmer
NYSE_PRGO,http://en.wikipedia.org/wiki/Perrigo
NYSE_PFE,http://en.wikipedia.org/wiki/Pfizer_Inc.
NYSE_PCG,http://en.wikipedia.org/wiki/PG&E_Corp.
NYSE_PM,http://en.wikipedia.org/wiki/Philip_Morris_International
NYSE_PSX,http://en.wikipedia.org/wiki/Phillips_66
NYSE_PNW,http://en.wikipedia.org/wiki/Pinnacle_West_Capital
NYSE_PXD,http://en.wikipedia.org/wiki/Pioneer_Natural_Resources
NYSE_PBI,http://en.wikipedia.org/wiki/Pitney-Bowes
NYSE_PCL,http://en.wikipedia.org/wiki/Plum_Creek_Timber_Co.
NYSE_PNC,http://en.wikipedia.org/wiki/PNC_Financial_Services
NYSE_RL,http://en.wikipedia.org/wiki/Polo_Ralph_Lauren_Corp.
NYSE_PPG,http://en.wikipedia.org/wiki/PPG_Industries
NYSE_PPL,http://en.wikipedia.org/wiki/PPL_Corp.
NYSE_PX,http://en.wikipedia.org/wiki/Praxair_Inc.
NYSE_PCP,http://en.wikipedia.org/wiki/Precision_Castparts
NASDAQ_PCLN,http://en.wikipedia.org/wiki/Priceline.com_Inc
NYSE_PFG,http://en.wikipedia.org/wiki/Principal_Financial_Group
NYSE_PG,http://en.wikipedia.org/wiki/Procter_&_Gamble
NYSE_PGR,http://en.wikipedia.org/wiki/Progressive_Corp.
NYSE_PLD,http://en.wikipedia.org/wiki/Prologis
NYSE_PRU,http://en.wikipedia.org/wiki/Prudential_Financial
NYSE_PEG,http://en.wikipedia.org/wiki/Public_Serv._Enterprise_Inc.
NYSE_PSA,http://en.wikipedia.org/wiki/Public_Storage
NYSE_PHM,http://en.wikipedia.org/wiki/Pulte_Homes_Inc.
NYSE_PVH,http://en.wikipedia.org/wiki/PVH_Corp.
NASDAQ_QRVO,http://en.wikipedia.org/wiki/Qorvo
NYSE_PWR,http://en.wikipedia.org/wiki/Quanta_Services_Inc.
NASDAQ_QCOM,http://en.wikipedia.org/wiki/QUALCOMM_Inc.
NYSE_DGX,http://en.wikipedia.org/wiki/Quest_Diagnostics
NYSE_RRC,http://en.wikipedia.org/wiki/Range_Resources
NYSE_RTN,http://en.wikipedia.org/wiki/Raytheon_Co.
NYSE_O,http://en.wikipedia.org/wiki/Realty_Income_Corporation
NYSE_RHT,http://en.wikipedia.org/wiki/Red_Hat_Inc.
NASDAQ_REGN,http://en.wikipedia.org/wiki/Regeneron
NYSE_RF,http://en.wikipedia.org/wiki/Regions_Financial_Corp.
NYSE_RSG,http://en.wikipedia.org/wiki/Republic_Services_Inc
NYSE_RAI,http://en.wikipedia.org/wiki/Reynolds_American_Inc.
NYSE_RHI,http://en.wikipedia.org/wiki/Robert_Half_International
NYSE_ROK,http://en.wikipedia.org/wiki/Rockwell_Automation_Inc.
NYSE_COL,http://en.wikipedia.org/wiki/Rockwell_Collins
NYSE_ROP,http://en.wikipedia.org/wiki/Roper_Industries
NASDAQ_ROST,http://en.wikipedia.org/wiki/Ross_Stores
NYSE_RCL,http://en.wikipedia.org/wiki/Royal_Caribbean_Cruises_Ltd
NYSE_R,http://en.wikipedia.org/wiki/Ryder_System
NYSE_CRM,http://en.wikipedia.org/wiki/Salesforce.com
NASDAQ_SNDK,http://en.wikipedia.org/wiki/SanDisk_Corporation
NYSE_SCG,http://en.wikipedia.org/wiki/SCANA_Corp
NYSE_SLB,http://en.wikipedia.org/wiki/Schlumberger_Ltd.
NYSE_SNI,http://en.wikipedia.org/wiki/Scripps_Networks_Interactive_Inc.
NASDAQ_STX,http://en.wikipedia.org/wiki/Seagate_Technology
NYSE_SEE,http://en.wikipedia.org/wiki/Sealed_Air_Corp.(New)
NYSE_SRE,http://en.wikipedia.org/wiki/Sempra_Energy
NYSE_SHW,http://en.wikipedia.org/wiki/Sherwin-Williams
NYSE_SIG,http://en.wikipedia.org/wiki/Signet_Jewelers
NYSE_SPG,http://en.wikipedia.org/wiki/Simon_Property_Group_Inc
NASDAQ_SWKS,http://en.wikipedia.org/wiki/Skyworks_Solutions
NYSE_SLG,http://en.wikipedia.org/wiki/SL_Green_Realty
NYSE_SJM,http://en.wikipedia.org/wiki/Smucker_(J.M.)
NYSE_SNA,http://en.wikipedia.org/wiki/Snap-On_Inc.
NYSE_SO,http://en.wikipedia.org/wiki/Southern_Co.
NYSE_LUV,http://en.wikipedia.org/wiki/Southwest_Airlines
NYSE_SWN,http://en.wikipedia.org/wiki/Southwestern_Energy
NYSE_SE,http://en.wikipedia.org/wiki/Spectra_Energy_Corp.
NYSE_STJ,http://en.wikipedia.org/wiki/St_Jude_Medical
NYSE_SWK,http://en.wikipedia.org/wiki/Stanley_Black_&_Decker
NASDAQ_SPLS,http://en.wikipedia.org/wiki/Staples_Inc.
NASDAQ_SBUX,http://en.wikipedia.org/wiki/Starbucks_Corp.
NYSE_HOT,http://en.wikipedia.org/wiki/Starwood_Hotels_&_Resorts
NYSE_STT,http://en.wikipedia.org/wiki/State_Street_Corp.
NASDAQ_SRCL,http://en.wikipedia.org/wiki/Stericycle_Inc
NYSE_SYK,http://en.wikipedia.org/wiki/Stryker_Corp.
NYSE_STI,http://en.wikipedia.org/wiki/SunTrust_Banks
NASDAQ_SYMC,http://en.wikipedia.org/wiki/Symantec_Corp.
NYSE_SYF,http://en.wikipedia.org/wiki/Synchrony_Financial
NYSE_SYY,http://en.wikipedia.org/wiki/Sysco_Corp.
NASDAQ_TROW,http://en.wikipedia.org/wiki/T._Rowe_Price_Group
NYSE_TGT,http://en.wikipedia.org/wiki/Target_Corp.
NYSE_TEL,http://en.wikipedia.org/wiki/TE_Connectivity
NYSE_TE,http://en.wikipedia.org/wiki/TECO_Energy
NYSE_TGNA,http://en.wikipedia.org/wiki/Gannett_Co.
NYSE_THC,http://en.wikipedia.org/wiki/Tenet_Healthcare_Corp.
NYSE_TDC,http://en.wikipedia.org/wiki/Teradata_Corp.
NYSE_TSO,http://en.wikipedia.org/wiki/Tesoro_Petroleum_Co.
NASDAQ_TXN,http://en.wikipedia.org/wiki/Texas_Instruments
NYSE_TXT,http://en.wikipedia.org/wiki/Textron_Inc.
NYSE_HSY,http://en.wikipedia.org/wiki/The_Hershey_Company
NYSE_TRV,http://en.wikipedia.org/wiki/The_Travelers_Companies_Inc.
NYSE_TMO,http://en.wikipedia.org/wiki/Thermo_Fisher_Scientific
NYSE_TIF,http://en.wikipedia.org/wiki/Tiffany_&_Co.
NYSE_TWX,http://en.wikipedia.org/wiki/Time_Warner_Inc.
NYSE_TWC,http://en.wikipedia.org/wiki/Time_Warner_Cable_Inc.
NYSE_TJX,http://en.wikipedia.org/wiki/TJX_Companies_Inc.
NYSE_TMK,http://en.wikipedia.org/wiki/Torchmark_Corp.
NYSE_TSS,http://en.wikipedia.org/wiki/Total_System_Services
NASDAQ_TSCO,http://en.wikipedia.org/wiki/Tractor_Supply_Company
NYSE_RIG,http://en.wikipedia.org/wiki/Transocean
NASDAQ_TRIP,http://en.wikipedia.org/wiki/TripAdvisor
NASDAQ_FOXA,http://en.wikipedia.org/wiki/Twenty-First_Century_Fox_Class_A
NASDAQ_FOX,http://en.wikipedia.org/wiki/Twenty-First_Century_Fox_Class_B
NYSE_TSN,http://en.wikipedia.org/wiki/Tyson_Foods
NYSE_TYC,http://en.wikipedia.org/wiki/Tyco_International
NYSE_USB,http://en.wikipedia.org/wiki/U.S._Bancorp
NYSE_UA,http://en.wikipedia.org/wiki/Under_Armour
NYSE_UNP,http://en.wikipedia.org/wiki/Union_Pacific
NYSE_UAL,http://en.wikipedia.org/wiki/United_Continental_Holdings
NYSE_UNH,http://en.wikipedia.org/wiki/United_Health_Group_Inc.
NYSE_UPS,http://en.wikipedia.org/wiki/United_Parcel_Service
NYSE_URI,http://en.wikipedia.org/wiki/United_Rentals
NYSE_UTX,http://en.wikipedia.org/wiki/United_Technologies
NYSE_UHS,http://en.wikipedia.org/wiki/Universal_Health_Services
NYSE_UNM,http://en.wikipedia.org/wiki/Unum_Group
NASDAQ_URBN,http://en.wikipedia.org/wiki/Urban_Outfitters
NYSE_VFC,http://en.wikipedia.org/wiki/V.F._Corp.
NYSE_VLO,http://en.wikipedia.org/wiki/Valero_Energy
NYSE_VAR,http://en.wikipedia.org/wiki/Varian_Medical_Systems
NYSE_VTR,http://en.wikipedia.org/wiki/Ventas_Inc
NASDAQ_VRSN,http://en.wikipedia.org/wiki/Verisign_Inc.
NASDAQ_VRSK,http://en.wikipedia.org/wiki/Verisk_Analytics
NYSE_VZ,http://en.wikipedia.org/wiki/Verizon_Communications
NASDAQ_VRTX,http://en.wikipedia.org/wiki/Vertex_Pharmaceuticals
NASDAQ_VIAB,http://en.wikipedia.org/wiki/Viacom_Inc.
NYSE_V,http://en.wikipedia.org/wiki/Visa_Inc.
NYSE_VNO,http://en.wikipedia.org/wiki/Vornado_Realty_Trust
NYSE_VMC,http://en.wikipedia.org/wiki/Vulcan_Materials
NYSE_WMT,http://en.wikipedia.org/wiki/Wal-Mart_Stores
NASDAQ_WBA,http://en.wikipedia.org/wiki/Walgreens_Boots_Alliance
NYSE_DIS,http://en.wikipedia.org/wiki/The_Walt_Disney_Company
NYSE_WM,http://en.wikipedia.org/wiki/Waste_Management_Inc.
NYSE_WAT,http://en.wikipedia.org/wiki/Waters_Corporation
NYSE_ANTM,http://en.wikipedia.org/wiki/Anthem_Inc.
NYSE_WFC,http://en.wikipedia.org/wiki/Wells_Fargo
NYSE_HCN,http://en.wikipedia.org/wiki/Welltower_Inc.
NASDAQ_WDC,http://en.wikipedia.org/wiki/Western_Digital
NYSE_WU,http://en.wikipedia.org/wiki/Western_Union_Co
NYSE_WY,http://en.wikipedia.org/wiki/Weyerhaeuser_Corp.
NYSE_WHR,http://en.wikipedia.org/wiki/Whirlpool_Corp.
NASDAQ_WFM,http://en.wikipedia.org/wiki/Whole_Foods_Market
NYSE_WMB,http://en.wikipedia.org/wiki/Williams_Cos.
NYSE_WEC,http://en.wikipedia.org/wiki/Wisconsin_Energy_Corporation
NYSE_WYN,http://en.wikipedia.org/wiki/Wyndham_Worldwide
NASDAQ_WYNN,http://en.wikipedia.org/wiki/Wynn_Resorts_Ltd
NYSE_XEL,http://en.wikipedia.org/wiki/Xcel_Energy_Inc
NYSE_XRX,http://en.wikipedia.org/wiki/Xerox_Corp.
NASDAQ_XLNX,http://en.wikipedia.org/wiki/Xilinx_Inc
NYSE_XL,http://en.wikipedia.org/wiki/XL_Capital
NYSE_XYL,http://en.wikipedia.org/wiki/Xylem_Inc.
NASDAQ_YHOO,http://en.wikipedia.org/wiki/Yahoo_Inc.
NYSE_YUM,http://en.wikipedia.org/wiki/Yum!_Brands_Inc
NYSE_ZBH,http://en.wikipedia.org/wiki/Zimmer_Holdings
NASDAQ_ZION,http://en.wikipedia.org/wiki/Zions_Bancorp
NYSE_ZTS,http://en.wikipedia.org/wiki/Zoetis
